IDTransaction,time_key,symbol_key,transaction_type_key,geography_key,Unit
2769834124.0,1,284.0,1,175.0,1605.0
2767324642.0,2,284.0,3,175.0,1605.0
2815473914.0,3,284.0,3,175.0,914.0
2622244212.0,4,4.0,1,25.0,646.0
2629871124.0,4,258.0,3,131.0,646.0
2782801046.0,5,4.0,1,25.0,519.0
2625827963.0,6,258.0,3,131.0,519.0
2608925782.0,6,4.0,1,25.0,515.0
2633047911.0,7,258.0,3,131.0,515.0
2653834302.0,1,4.0,1,25.0,320.0
2631175967.0,8,258.0,3,131.0,320.0
2833377589.0,9,342.0,1,235.0,309.0
2625330535.0,10,342.0,3,235.0,309.0
2644157797.0,9,342.0,1,235.0,303.0
2829085721.0,10,342.0,1,235.0,303.0
2636205200.0,9,342.0,3,235.0,303.0
2680235558.0,11,342.0,3,235.0,303.0
2658177011.0,12,1581.0,1,236.0,287.0
2603874911.0,13,1581.0,3,236.0,287.0
2843164741.0,14,1581.0,1,236.0,255.0
2629666271.0,15,1581.0,3,236.0,255.0
2645692592.0,16,342.0,1,235.0,233.0
2698276936.0,17,342.0,3,235.0,233.0
2630458680.0,18,4.0,1,25.0,222.0
2802361348.0,19,4.0,1,25.0,222.0
2725157924.0,18,258.0,3,131.0,222.0
2645352189.0,20,342.0,1,235.0,221.0
2720424790.0,21,342.0,3,235.0,221.0
2650758349.0,22,342.0,1,235.0,217.0
2678619267.0,23,342.0,3,235.0,217.0
2600601626.0,24,4.0,1,25.0,215.0
2596680487.0,25,258.0,3,131.0,215.0
2592885078.0,26,4.0,1,25.0,214.0
2888706359.0,27,258.0,3,131.0,214.0
2720406209.0,28,,1,,202.0
2680926993.0,29,,3,,202.0
2691814271.0,22,4.0,1,25.0,199.0
2669674108.0,27,258.0,3,131.0,199.0
2785843245.0,30,4.0,1,25.0,198.0
2610562968.0,31,4.0,1,25.0,198.0
2687658384.0,32,258.0,3,131.0,198.0
2709716513.0,33,258.0,3,131.0,198.0
2612889099.0,34,342.0,1,235.0,195.0
2833399267.0,23,342.0,3,235.0,195.0
2842209576.0,35,4.0,1,25.0,190.0
2666427442.0,36,,1,,185.0
2699918391.0,37,,1,,185.0
2770673887.0,38,,3,,185.0
2614075181.0,27,1581.0,1,236.0,177.0
2782815631.0,39,1581.0,3,236.0,177.0
2888694268.0,40,1581.0,1,236.0,155.0
2680415873.0,41,1581.0,3,236.0,155.0
2770670686.0,33,1581.0,1,236.0,147.0
2633147566.0,42,1581.0,3,236.0,147.0
2726250960.0,43,1581.0,1,236.0,146.0
2680936704.0,44,1581.0,3,236.0,146.0
2620146336.0,45,1581.0,1,236.0,144.0
2643988058.0,46,1581.0,3,236.0,144.0
2811254971.0,47,,1,,136.0
2659110084.0,28,,3,,136.0
2722112450.0,48,317.0,1,,135.0
2634935480.0,1,265.0,1,144.0,135.0
2666176217.0,49,317.0,3,,135.0
2629370312.0,8,265.0,3,144.0,135.0
2623252964.0,50,265.0,1,144.0,133.0
2618714576.0,51,265.0,3,144.0,133.0
2644916972.0,26,1581.0,1,236.0,132.0
2652312416.0,52,1581.0,3,236.0,132.0
2607798683.0,38,,1,,129.0
2621430253.0,53,,1,,129.0
2793363340.0,53,,3,,129.0
2621543937.0,11,,3,,129.0
2680928653.0,54,,1,,128.0
2787487102.0,55,,3,,128.0
2621390925.0,56,,1,,125.0
2827389523.0,19,,1,,123.0
2658211558.0,57,,3,,123.0
2650745384.0,58,,1,,122.0
2644168637.0,39,,3,,122.0
2879465104.0,39,,1,,115.0
2687668767.0,59,,3,,115.0
2833506054.0,60,542.0,1,236.0,107.0
2664894558.0,61,542.0,3,236.0,107.0
2658149120.0,35,,1,,103.0
2636317780.0,40,384.0,1,236.0,101.0
2711461800.0,62,542.0,1,236.0,101.0
2625733460.0,44,384.0,3,236.0,101.0
2627649361.0,63,542.0,3,236.0,101.0
2625323203.0,64,,1,,96.0
2833734701.0,65,,3,,96.0
2718635490.0,66,,1,,93.0
2663055801.0,67,542.0,1,236.0,93.0
2647131358.0,28,,3,,93.0
2628543845.0,68,,1,,92.0
2710625953.0,69,,3,,92.0
2752656061.0,70,,3,,92.0
2669669158.0,62,542.0,1,236.0,91.0
2652308155.0,70,,1,,91.0
2860008867.0,71,542.0,1,236.0,91.0
2638334564.0,62,542.0,3,236.0,91.0
2653832796.0,66,,3,,91.0
2670832609.0,72,542.0,3,236.0,91.0
2793364652.0,12,542.0,1,236.0,87.0
2633534239.0,13,542.0,3,236.0,87.0
2624921331.0,14,542.0,1,236.0,84.0
2649375962.0,2,,1,,84.0
2655354102.0,73,542.0,3,236.0,84.0
2817437027.0,74,,3,,84.0
2657094107.0,75,542.0,1,236.0,83.0
2751207709.0,40,542.0,3,236.0,83.0
2659411204.0,76,542.0,1,236.0,82.0
2655778109.0,50,265.0,3,144.0,82.0
2609683598.0,12,542.0,3,236.0,82.0
2650896465.0,77,542.0,1,236.0,81.0
2632227996.0,70,542.0,3,236.0,81.0
2632426148.0,78,284.0,1,175.0,80.0
2640933931.0,75,284.0,3,175.0,80.0
2699915249.0,45,284.0,1,175.0,75.0
2793369385.0,78,284.0,3,175.0,75.0
2650898567.0,79,198.0,1,104.0,74.0
2644919407.0,53,225.0,3,108.0,74.0
2631806188.0,28,198.0,1,104.0,73.0
2631015256.0,55,225.0,3,108.0,73.0
2623931900.0,36,198.0,1,104.0,71.0
2627096045.0,38,225.0,3,108.0,71.0
2634447770.0,80,,1,,69.0
2622343684.0,68,,3,,69.0
2634935990.0,81,317.0,1,,68.0
2699075600.0,82,317.0,3,,68.0
2632222005.0,82,6.0,1,25.0,67.0
2628507183.0,48,317.0,3,,67.0
2695620555.0,36,542.0,1,236.0,63.0
2606492014.0,36,542.0,3,236.0,63.0
2688239769.0,53,47.0,1,32.0,62.0
2623272210.0,83,542.0,1,236.0,62.0
2693763684.0,84,47.0,3,32.0,62.0
2622803676.0,83,542.0,3,236.0,62.0
2638373660.0,85,542.0,1,236.0,61.0
2687641487.0,71,542.0,3,236.0,61.0
2691814779.0,86,1641.0,1,236.0,60.0
2653836079.0,1,2887.0,1,236.0,60.0
2856852800.0,87,47.0,1,32.0,60.0
2629410400.0,88,1641.0,3,236.0,60.0
2833423866.0,4,2887.0,3,236.0,60.0
2623959941.0,53,47.0,3,32.0,60.0
2712446168.0,10,47.0,1,32.0,58.0
2689244804.0,89,54.0,1,243.0,58.0
2650897248.0,90,542.0,1,236.0,58.0
2620407371.0,91,1641.0,1,236.0,58.0
2693009030.0,66,542.0,1,236.0,58.0
2626991662.0,87,47.0,3,32.0,58.0
2624377750.0,92,54.0,3,243.0,58.0
2628736901.0,93,542.0,3,236.0,58.0
2624680211.0,94,1641.0,3,236.0,58.0
2599579619.0,90,542.0,3,236.0,58.0
2888698060.0,50,,1,,57.0
2691811332.0,51,,3,,57.0
2596411354.0,95,,1,,56.0
2623273340.0,96,,1,,56.0
2793363496.0,66,542.0,1,236.0,56.0
2588989408.0,93,542.0,1,236.0,56.0
2893660400.0,10,47.0,1,32.0,56.0
2875762794.0,68,542.0,1,236.0,56.0
2678623419.0,50,,3,,56.0
2676826054.0,80,,3,,56.0
2628818974.0,66,542.0,3,236.0,56.0
2678624895.0,93,542.0,3,236.0,56.0
2740088056.0,10,47.0,3,32.0,56.0
2770671877.0,97,542.0,3,236.0,56.0
2718603055.0,70,542.0,1,236.0,55.0
2611535553.0,3,,1,,55.0
2659818223.0,97,542.0,1,236.0,55.0
2680941968.0,98,47.0,1,32.0,55.0
2687645111.0,66,542.0,3,236.0,55.0
2762394354.0,8,,3,,55.0
2856852026.0,97,542.0,3,236.0,55.0
2775299259.0,10,47.0,3,32.0,55.0
2782821670.0,81,47.0,1,32.0,54.0
2623597259.0,99,47.0,3,32.0,54.0
2623863876.0,8,,1,,53.0
2680934515.0,60,138.0,1,42.0,53.0
2709713681.0,100,,3,,53.0
2693534969.0,61,138.0,3,42.0,53.0
2732935241.0,101,47.0,1,32.0,52.0
2607797870.0,102,542.0,1,236.0,52.0
2669638969.0,103,138.0,1,42.0,52.0
2875757958.0,101,47.0,3,32.0,52.0
2725158153.0,36,542.0,3,236.0,52.0
2641611940.0,53,198.0,1,104.0,51.0
2742592971.0,49,225.0,3,108.0,51.0
2614062678.0,104,198.0,1,104.0,50.0
2608928490.0,38,198.0,1,104.0,50.0
2607812853.0,77,,1,,50.0
2875765318.0,19,198.0,1,104.0,50.0
2739377371.0,27,225.0,3,108.0,50.0
2720441400.0,99,225.0,3,108.0,50.0
2587932091.0,77,,3,,50.0
2634463309.0,105,225.0,3,108.0,50.0
2888704561.0,56,198.0,1,104.0,49.0
2699075111.0,70,,1,,49.0
2605662536.0,106,225.0,3,108.0,49.0
2891151352.0,66,,3,,49.0
2678635295.0,66,,1,,48.0
2606417895.0,54,6.0,1,25.0,48.0
2770672956.0,107,198.0,1,104.0,48.0
2689241131.0,108,,3,,48.0
2689242505.0,102,317.0,3,,48.0
2853639479.0,94,225.0,3,108.0,48.0
2775809417.0,36,6.0,1,25.0,47.0
2607229752.0,68,6.0,1,25.0,47.0
2630684214.0,38,317.0,3,,47.0
2622182169.0,66,317.0,3,,47.0
2627099953.0,109,198.0,1,104.0,46.0
2623870607.0,66,6.0,1,25.0,46.0
2603421600.0,110,6.0,1,25.0,46.0
2623953285.0,108,,1,,46.0
2838581358.0,89,1641.0,1,236.0,46.0
2680374991.0,111,225.0,3,108.0,46.0
2665348137.0,110,317.0,3,,46.0
2833467104.0,112,317.0,3,,46.0
2619451724.0,112,,3,,46.0
2790360128.0,113,6.0,1,25.0,45.0
2621432410.0,29,,1,,45.0
2719863269.0,114,6.0,1,25.0,45.0
2709714922.0,24,6.0,1,25.0,45.0
2793379076.0,115,138.0,1,42.0,45.0
2616844029.0,50,51.0,1,32.0,45.0
2842296058.0,36,,1,,45.0
2815474380.0,116,,1,,45.0
2618253309.0,86,138.0,1,42.0,45.0
2802361675.0,84,317.0,3,,45.0
2787477812.0,102,,3,,45.0
2855787837.0,117,317.0,3,,45.0
2664899495.0,118,317.0,3,,45.0
2827351767.0,115,138.0,3,42.0,45.0
2665776903.0,3,51.0,3,32.0,45.0
2775300460.0,116,,3,,45.0
2592613979.0,119,,3,,45.0
2649376314.0,15,138.0,3,42.0,45.0
2652315370.0,39,198.0,1,104.0,44.0
2640982009.0,1,51.0,1,32.0,44.0
2659454793.0,102,,1,,44.0
2612543840.0,120,225.0,3,108.0,44.0
2693762817.0,1,51.0,3,32.0,44.0
2655767134.0,36,,3,,44.0
2587823226.0,68,205.0,1,108.0,43.0
2633160836.0,85,223.0,1,108.0,43.0
2650899240.0,10,,1,,43.0
2588652104.0,35,198.0,1,104.0,43.0
2637091463.0,97,223.0,3,108.0,43.0
2626491488.0,121,273.0,3,157.0,43.0
2768309358.0,53,,3,,43.0
2622804451.0,122,,1,,42.0
2624676776.0,85,,1,,42.0
2833407165.0,3,51.0,1,32.0,42.0
2648583855.0,123,,3,,42.0
2611526755.0,85,,3,,42.0
2622210228.0,3,51.0,3,32.0,42.0
2888696737.0,23,54.0,1,243.0,41.0
2628508455.0,64,198.0,1,104.0,41.0
2830421351.0,79,,1,,41.0
2740089149.0,28,,1,,41.0
2888699328.0,89,54.0,3,243.0,41.0
2612686625.0,124,225.0,3,108.0,41.0
2877450749.0,10,,3,,41.0
2802365058.0,29,,3,,41.0
2699916282.0,81,,1,,40.0
2890342768.0,9,,1,,40.0
2652311204.0,79,,3,,40.0
2626512571.0,101,,3,,40.0
2695619535.0,125,,1,,39.0
2607799868.0,110,223.0,1,108.0,39.0
2802363793.0,126,47.0,1,32.0,39.0
2647578858.0,127,54.0,1,243.0,39.0
2599448230.0,16,138.0,1,42.0,39.0
2599672027.0,128,54.0,1,243.0,39.0
2649378586.0,129,,3,,39.0
2853879979.0,90,273.0,3,157.0,39.0
2742592652.0,130,47.0,3,32.0,39.0
2635445858.0,34,54.0,3,243.0,39.0
2628505696.0,131,138.0,3,42.0,39.0
2853638594.0,41,54.0,3,243.0,39.0
2656894995.0,22,,1,,38.0
2782825545.0,54,223.0,1,108.0,38.0
2669637220.0,127,,1,,38.0
2640993994.0,132,,3,,38.0
2725163453.0,54,273.0,3,157.0,38.0
2656882069.0,25,,3,,38.0
2680939523.0,30,1641.0,1,236.0,37.0
2701534579.0,54,223.0,1,108.0,37.0
2678622229.0,133,223.0,1,108.0,37.0
2853636211.0,110,223.0,1,108.0,37.0
2843839153.0,90,223.0,1,108.0,37.0
2710640615.0,89,1641.0,3,236.0,37.0
2730470625.0,102,273.0,3,157.0,37.0
2634832052.0,134,273.0,3,157.0,37.0
2718486714.0,110,273.0,3,157.0,37.0
2695621810.0,135,273.0,3,157.0,37.0
2835506262.0,112,223.0,1,108.0,36.0
2687674591.0,78,54.0,1,243.0,36.0
2644917688.0,98,,1,,36.0
2782798512.0,54,273.0,3,157.0,36.0
2687649924.0,44,54.0,3,243.0,36.0
2879466192.0,113,,3,,36.0
2643945945.0,136,223.0,1,108.0,35.0
2752653358.0,33,138.0,1,42.0,35.0
2616716325.0,68,223.0,1,108.0,35.0
2853640281.0,137,51.0,1,32.0,35.0
2606693614.0,122,47.0,1,32.0,35.0
2676814111.0,138,47.0,1,32.0,35.0
2890350162.0,139,273.0,3,157.0,35.0
2608925440.0,140,138.0,3,42.0,35.0
2603770515.0,68,273.0,3,157.0,35.0
2752656384.0,137,51.0,3,32.0,35.0
2607212236.0,141,47.0,3,32.0,35.0
2629263253.0,123,47.0,3,32.0,35.0
2671195319.0,71,,1,,34.0
2833486412.0,20,54.0,1,243.0,34.0
2616671143.0,142,138.0,1,42.0,34.0
2674681935.0,136,51.0,1,32.0,34.0
2768312109.0,137,51.0,1,32.0,34.0
2645699532.0,72,,3,,34.0
2619113266.0,33,54.0,3,243.0,34.0
2600345370.0,31,138.0,3,42.0,34.0
2710589322.0,136,51.0,3,32.0,34.0
2856854262.0,137,51.0,3,32.0,34.0
2616467389.0,69,138.0,1,42.0,33.0
2623282699.0,139,51.0,1,32.0,33.0
2599495578.0,95,,1,,33.0
2617840649.0,101,542.0,1,236.0,33.0
2709715497.0,70,223.0,1,108.0,33.0
2591446992.0,76,138.0,3,42.0,33.0
2680941221.0,139,51.0,3,32.0,33.0
2599595057.0,85,,3,,33.0
2607230715.0,48,542.0,3,236.0,33.0
2689244229.0,110,276.0,3,157.0,33.0
2775804928.0,53,,1,,32.0
2592886032.0,33,54.0,1,243.0,32.0
2588199358.0,49,,3,,32.0
2709715861.0,23,54.0,3,243.0,32.0
2739291884.0,133,51.0,1,32.0,31.0
2827387969.0,7,51.0,3,32.0,31.0
2752655075.0,53,219.0,1,108.0,30.0
2626856081.0,68,6.0,1,25.0,30.0
2591800739.0,85,223.0,1,108.0,30.0
2746390685.0,34,285.0,1,175.0,30.0
2623284535.0,53,,1,,30.0
2666335456.0,95,,3,,30.0
2829179035.0,49,215.0,3,108.0,30.0
2736982607.0,77,6.0,3,25.0,30.0
2726253068.0,85,276.0,3,157.0,30.0
2813794314.0,26,285.0,3,175.0,30.0
2617587802.0,71,,3,,30.0
2622216399.0,70,315.0,1,216.0,29.0
2678641233.0,95,,1,,29.0
2623280708.0,7,51.0,1,32.0,29.0
2669622984.0,135,315.0,3,216.0,29.0
2623913602.0,50,,3,,29.0
2782784012.0,7,51.0,3,32.0,29.0
2620662530.0,40,2257.0,1,236.0,28.0
2751210800.0,127,,1,,28.0
2740144176.0,122,138.0,1,42.0,28.0
2620127494.0,24,219.0,1,108.0,28.0
2656880758.0,133,,1,,28.0
2650905802.0,118,2257.0,3,236.0,28.0
2623260196.0,143,,3,,28.0
2752652170.0,142,138.0,3,42.0,28.0
2631176417.0,80,,3,,28.0
2855788992.0,144,,1,,27.0
2709709784.0,145,40.0,1,32.0,27.0
2752651582.0,123,51.0,1,32.0,27.0
2689242929.0,5,223.0,1,108.0,27.0
2726255238.0,135,223.0,1,108.0,27.0
2837395212.0,68,532.0,1,236.0,27.0
2611337209.0,54,,1,,27.0
2718607765.0,146,223.0,1,108.0,27.0
2746389572.0,6,,3,,27.0
2817436046.0,147,40.0,3,32.0,27.0
2607798398.0,38,51.0,3,32.0,27.0
2769919890.0,133,276.0,3,157.0,27.0
2608584508.0,108,276.0,3,157.0,27.0
2607224438.0,49,,3,,27.0
2618215271.0,55,276.0,3,157.0,27.0
2612809901.0,115,,1,,26.0
2691812279.0,90,,1,,26.0
2609793174.0,28,205.0,1,108.0,26.0
2599577790.0,47,,1,,26.0
2602958795.0,134,,1,,26.0
2617678383.0,135,,1,,26.0
2736710995.0,119,223.0,1,108.0,26.0
2853635526.0,89,,1,,26.0
2709713189.0,63,,3,,26.0
2747048728.0,102,,3,,26.0
2607218769.0,112,276.0,3,157.0,26.0
2802359903.0,148,,3,,26.0
2861936796.0,134,,3,,26.0
2725603952.0,28,,3,,26.0
2793371290.0,85,276.0,3,157.0,26.0
2879463432.0,149,,3,,26.0
2665755389.0,38,198.0,1,104.0,25.0
2596415876.0,91,,1,,25.0
2833397545.0,139,205.0,1,108.0,25.0
2879462594.0,37,,1,,25.0
2725824176.0,150,1665.0,1,236.0,25.0
2775816335.0,2,,1,,25.0
2658150419.0,151,40.0,1,32.0,25.0
2623930559.0,99,225.0,3,108.0,25.0
2657095823.0,115,,3,,25.0
2768311236.0,68,276.0,3,157.0,25.0
2653840457.0,39,,3,,25.0
2781416468.0,130,1665.0,3,236.0,25.0
2782818291.0,134,,3,,25.0
2751205557.0,152,40.0,3,32.0,25.0
2655989794.0,49,205.0,1,108.0,24.0
2643034326.0,153,6.0,1,25.0,24.0
2659414800.0,33,205.0,1,108.0,24.0
2636386766.0,133,532.0,1,236.0,24.0
2736058748.0,19,1665.0,1,236.0,24.0
2632719682.0,154,40.0,1,32.0,24.0
2890349023.0,12,1665.0,1,236.0,24.0
2679864393.0,95,51.0,1,32.0,24.0
2746389815.0,19,205.0,1,108.0,24.0
2843453846.0,77,205.0,1,108.0,24.0
2589073553.0,113,223.0,3,108.0,24.0
2591631733.0,118,317.0,3,,24.0
2589188100.0,155,276.0,3,157.0,24.0
2793364384.0,134,532.0,3,236.0,24.0
2623930317.0,150,1665.0,3,236.0,24.0
2775809035.0,60,40.0,3,32.0,24.0
2596412223.0,156,1665.0,3,236.0,24.0
2670910240.0,157,51.0,3,32.0,24.0
2687650464.0,151,276.0,3,157.0,24.0
2890341742.0,70,276.0,3,157.0,24.0
2762397481.0,83,,1,,23.0
2601683615.0,82,51.0,1,32.0,23.0
2718578615.0,115,174.0,1,46.0,23.0
2875762329.0,122,,1,,23.0
2682413942.0,158,174.0,1,46.0,23.0
2787864582.0,33,205.0,1,108.0,23.0
2770671166.0,38,,1,,23.0
2683912480.0,39,,1,,23.0
2689239879.0,79,51.0,1,32.0,23.0
2833505422.0,81,,1,,23.0
2606356945.0,81,,3,,23.0
2687708425.0,48,51.0,3,32.0,23.0
2710597819.0,115,145.0,3,46.0,23.0
2647315764.0,141,,3,,23.0
2833435140.0,159,145.0,3,46.0,23.0
2680993236.0,155,276.0,3,157.0,23.0
2649376605.0,99,,3,,23.0
2888710489.0,89,,3,,23.0
2853633040.0,79,51.0,3,32.0,23.0
2813637250.0,98,,3,,23.0
2640932226.0,88,,1,,22.0
2678625561.0,78,,1,,22.0
2643948564.0,160,40.0,1,32.0,22.0
2875764394.0,70,51.0,1,32.0,22.0
2645361900.0,2,532.0,1,236.0,22.0
2626589992.0,2,51.0,1,32.0,22.0
2711340256.0,161,73.0,1,41.0,22.0
2650900236.0,19,,1,,22.0
2667444792.0,7,532.0,1,236.0,22.0
2699917911.0,145,205.0,1,108.0,22.0
2638191499.0,162,1665.0,1,236.0,22.0
2639765317.0,86,,1,,22.0
2654090316.0,74,532.0,1,236.0,22.0
2699908335.0,109,1665.0,1,236.0,22.0
2775813999.0,126,40.0,1,32.0,22.0
2698940671.0,144,532.0,1,236.0,22.0
2608925601.0,119,1665.0,1,236.0,22.0
2600427310.0,2,51.0,1,32.0,22.0
2746467489.0,163,226.0,1,108.0,22.0
2655384107.0,85,,1,,22.0
2622800267.0,164,,3,,22.0
2649377096.0,75,,3,,22.0
2671316010.0,67,40.0,3,32.0,22.0
2619034203.0,70,51.0,3,32.0,22.0
2683909310.0,144,532.0,3,236.0,22.0
2623991192.0,2,51.0,3,32.0,22.0
2664891963.0,3,73.0,3,41.0,22.0
2640925973.0,150,,3,,22.0
2609684528.0,7,532.0,3,236.0,22.0
2588898943.0,35,276.0,3,157.0,22.0
2655776320.0,111,1665.0,3,236.0,22.0
2623867315.0,88,,3,,22.0
2853632518.0,5,532.0,3,236.0,22.0
2631176695.0,165,1665.0,3,236.0,22.0
2629928616.0,73,40.0,3,32.0,22.0
2699921379.0,74,532.0,3,236.0,22.0
2775919387.0,85,1665.0,3,236.0,22.0
2795233517.0,2,51.0,3,32.0,22.0
2628471949.0,155,226.0,3,108.0,22.0
2664884166.0,122,,3,,22.0
2608924886.0,5,51.0,1,32.0,21.0
2616885785.0,95,1665.0,1,236.0,21.0
2793367434.0,127,,1,,21.0
2690445068.0,143,,1,,21.0
2607797993.0,70,,1,,21.0
2648582194.0,166,,1,,21.0
2720430554.0,167,40.0,1,32.0,21.0
2720430782.0,139,532.0,1,236.0,21.0
2660507784.0,137,532.0,1,236.0,21.0
2626479603.0,68,532.0,1,236.0,21.0
2632428390.0,12,205.0,1,108.0,21.0
2624682764.0,6,51.0,3,32.0,21.0
2649377922.0,50,1665.0,3,236.0,21.0
2642968382.0,127,,3,,21.0
2793370054.0,142,,3,,21.0
2596410420.0,70,,3,,21.0
2695622093.0,127,,3,,21.0
2633042896.0,159,40.0,3,32.0,21.0
2607250595.0,139,532.0,3,236.0,21.0
2622805082.0,137,532.0,3,236.0,21.0
2687705816.0,68,532.0,3,236.0,21.0
2699914346.0,92,276.0,3,157.0,21.0
2670193098.0,168,40.0,1,32.0,20.0
2654091185.0,50,1665.0,1,236.0,20.0
2699913459.0,169,73.0,1,41.0,20.0
2623279815.0,79,1665.0,1,236.0,20.0
2698586498.0,10,1665.0,1,236.0,20.0
2643642956.0,81,51.0,1,32.0,20.0
2799449704.0,91,40.0,1,32.0,20.0
2793365259.0,82,1665.0,1,236.0,20.0
2813787927.0,127,226.0,1,108.0,20.0
2628875108.0,136,532.0,1,236.0,20.0
2687652080.0,170,174.0,1,46.0,20.0
2787485219.0,68,315.0,1,216.0,20.0
2634468842.0,51,1665.0,3,236.0,20.0
2800628742.0,161,73.0,3,41.0,20.0
2658146887.0,10,1665.0,3,236.0,20.0
2752655589.0,82,1665.0,3,236.0,20.0
2655771926.0,171,51.0,3,32.0,20.0
2609792565.0,91,40.0,3,32.0,20.0
2729840979.0,49,1665.0,3,236.0,20.0
2608735122.0,158,226.0,3,108.0,20.0
2695620074.0,136,532.0,3,236.0,20.0
2648587680.0,167,149.0,3,46.0,20.0
2599646276.0,70,315.0,3,216.0,20.0
2599492518.0,9,2478.0,1,236.0,19.0
2710620745.0,114,40.0,1,32.0,19.0
2813637414.0,161,,1,,19.0
2775817476.0,144,205.0,1,108.0,19.0
2612042339.0,64,205.0,1,108.0,19.0
2610561756.0,98,1665.0,1,236.0,19.0
2622799766.0,22,,1,,19.0
2621324658.0,172,995.0,1,236.0,19.0
2661331458.0,160,205.0,1,108.0,19.0
2607812241.0,45,,1,,19.0
2615349771.0,9,2478.0,3,236.0,19.0
2598054009.0,117,40.0,3,32.0,19.0
2680642934.0,1,,3,,19.0
2628510556.0,5,276.0,3,157.0,19.0
2649380006.0,64,276.0,3,157.0,19.0
2596370621.0,79,1665.0,3,236.0,19.0
2676826903.0,45,,3,,19.0
2591803034.0,173,995.0,3,236.0,19.0
2861992304.0,160,276.0,3,157.0,19.0
2624741072.0,159,,3,,19.0
2736982380.0,174,152.0,1,46.0,18.0
2652309362.0,32,152.0,1,46.0,18.0
2621085084.0,66,51.0,1,32.0,18.0
2782824675.0,30,40.0,1,32.0,18.0
2612542358.0,36,51.0,1,32.0,18.0
2600367488.0,8,,1,,18.0
2618966992.0,175,2478.0,1,236.0,18.0
2646028055.0,66,51.0,1,32.0,18.0
2657086381.0,30,40.0,1,32.0,18.0
2657059729.0,157,701.0,1,236.0,18.0
2610931340.0,36,205.0,1,108.0,18.0
2653836825.0,67,,1,,18.0
2855788425.0,170,149.0,3,46.0,18.0
2856853786.0,32,149.0,3,46.0,18.0
2829178278.0,110,51.0,3,32.0,18.0
2640999447.0,120,40.0,3,32.0,18.0
2650895152.0,116,51.0,3,32.0,18.0
2769833601.0,144,,3,,18.0
2591895355.0,38,2478.0,3,236.0,18.0
2634437000.0,66,51.0,3,32.0,18.0
2655769576.0,120,40.0,3,32.0,18.0
2687654476.0,3,701.0,3,236.0,18.0
2622271113.0,116,276.0,3,157.0,18.0
2616845118.0,70,1665.0,1,236.0,17.0
2782803267.0,68,,1,,17.0
2787865606.0,89,219.0,1,108.0,17.0
2589465390.0,110,1665.0,1,236.0,17.0
2649377249.0,70,,1,,17.0
2720583269.0,119,,1,,17.0
2616414430.0,5,3083.0,1,236.0,17.0
2843525024.0,43,190.0,1,87.0,17.0
2630726410.0,33,190.0,1,87.0,17.0
2643088198.0,90,,1,,17.0
2644791594.0,54,1665.0,1,236.0,17.0
2644010787.0,102,205.0,1,108.0,17.0
2722897573.0,31,40.0,1,32.0,17.0
2632220633.0,66,,1,,17.0
2649375376.0,110,1665.0,3,236.0,17.0
2888695416.0,70,,3,,17.0
2622803223.0,176,215.0,3,108.0,17.0
2665788353.0,90,1665.0,3,236.0,17.0
2622268602.0,66,,3,,17.0
2624545744.0,79,,3,,17.0
2625324219.0,68,3083.0,3,236.0,17.0
2861935446.0,42,190.0,3,87.0,17.0
2591810128.0,93,,3,,17.0
2856852437.0,102,1665.0,3,236.0,17.0
2624766857.0,102,276.0,3,157.0,17.0
2627096670.0,177,40.0,3,32.0,17.0
2624393072.0,66,,3,,17.0
2625681417.0,163,40.0,1,32.0,16.0
2650893439.0,98,2478.0,1,236.0,16.0
2628801399.0,110,,1,,16.0
2614064684.0,125,138.0,1,42.0,16.0
2629589456.0,53,138.0,1,42.0,16.0
2599581939.0,112,9.0,1,25.0,16.0
2631015947.0,33,40.0,1,32.0,16.0
2628586424.0,146,1665.0,1,236.0,16.0
2629364519.0,141,51.0,1,32.0,16.0
2855787122.0,54,9.0,1,25.0,16.0
2607243710.0,96,3083.0,1,236.0,16.0
2718484415.0,38,1665.0,1,236.0,16.0
2715473627.0,55,1665.0,1,236.0,16.0
2607221413.0,178,40.0,3,32.0,16.0
2612040651.0,79,2478.0,3,236.0,16.0
2612542939.0,90,,3,,16.0
2625333279.0,129,138.0,3,42.0,16.0
2622551233.0,129,138.0,3,42.0,16.0
2665684790.0,54,9.0,3,25.0,16.0
2612541330.0,121,40.0,3,32.0,16.0
2730469491.0,55,1665.0,3,236.0,16.0
2623601431.0,97,532.0,3,236.0,16.0
2621482006.0,123,51.0,3,32.0,16.0
2710633331.0,85,9.0,3,25.0,16.0
2670773821.0,5,3083.0,3,236.0,16.0
2623643106.0,99,1665.0,3,236.0,16.0
2666422187.0,116,1665.0,3,236.0,16.0
2674682814.0,38,138.0,1,42.0,15.0
2856853262.0,179,51.0,1,32.0,15.0
2678631376.0,34,219.0,1,108.0,15.0
2861937303.0,34,40.0,1,32.0,15.0
2625339866.0,93,51.0,1,32.0,15.0
2623923837.0,10,51.0,1,32.0,15.0
2662581587.0,97,51.0,1,32.0,15.0
2709718225.0,93,51.0,1,32.0,15.0
2676367129.0,135,51.0,1,32.0,15.0
2670774332.0,24,40.0,1,32.0,15.0
2837395147.0,33,,1,,15.0
2829081894.0,90,9.0,1,25.0,15.0
2621431974.0,79,138.0,3,42.0,15.0
2669623745.0,136,9.0,3,25.0,15.0
2698943457.0,79,51.0,3,32.0,15.0
2827353089.0,177,40.0,3,32.0,15.0
2691811695.0,93,51.0,3,32.0,15.0
2681716083.0,82,51.0,3,32.0,15.0
2890832755.0,97,51.0,3,32.0,15.0
2725680167.0,135,51.0,3,32.0,15.0
2656970679.0,135,51.0,3,32.0,15.0
2666426433.0,166,40.0,3,32.0,15.0
2603436841.0,180,,3,,15.0
2604647945.0,112,9.0,3,25.0,15.0
2600514078.0,98,51.0,1,32.0,14.0
2782790635.0,78,,1,,14.0
2709690073.0,108,51.0,1,32.0,14.0
2689240998.0,95,701.0,1,236.0,14.0
2738727510.0,174,152.0,1,46.0,14.0
2624648888.0,98,51.0,3,32.0,14.0
2676819820.0,17,,3,,14.0
2736753416.0,108,51.0,3,32.0,14.0
2693539468.0,157,701.0,3,236.0,14.0
2644336282.0,174,149.0,3,46.0,14.0
2646423717.0,68,2814.0,1,236.0,13.0
2696724218.0,181,40.0,1,32.0,13.0
2711335235.0,16,,1,,13.0
2655361117.0,97,2814.0,1,236.0,13.0
2634458264.0,99,51.0,1,32.0,13.0
2751213359.0,45,,1,,13.0
2591812419.0,72,51.0,1,32.0,13.0
2842209256.0,54,51.0,1,32.0,13.0
2669634821.0,102,51.0,1,32.0,13.0
2679865198.0,182,40.0,1,32.0,13.0
2718599654.0,37,40.0,1,32.0,13.0
2718951265.0,85,51.0,1,32.0,13.0
2632223189.0,97,2814.0,3,236.0,13.0
2681720252.0,30,40.0,3,32.0,13.0
2624399069.0,23,,3,,13.0
2632430457.0,146,2814.0,3,236.0,13.0
2633244398.0,99,51.0,3,32.0,13.0
2747000299.0,16,,3,,13.0
2698947243.0,72,51.0,3,32.0,13.0
2725603473.0,102,51.0,3,32.0,13.0
2630617864.0,36,51.0,3,32.0,13.0
2678621431.0,166,40.0,3,32.0,13.0
2629279548.0,37,40.0,3,32.0,13.0
2700095037.0,83,51.0,3,32.0,13.0
2687593745.0,112,51.0,1,32.0,12.0
2638364422.0,100,532.0,1,236.0,12.0
2725166385.0,51,532.0,1,236.0,12.0
2647132462.0,166,40.0,1,32.0,12.0
2659103817.0,48,2478.0,1,236.0,12.0
2644170164.0,112,51.0,3,32.0,12.0
2610191292.0,183,532.0,3,236.0,12.0
2669642997.0,184,532.0,3,236.0,12.0
2649378917.0,30,40.0,3,32.0,12.0
2793369064.0,49,2478.0,3,236.0,12.0
2629348477.0,127,1449.0,1,236.0,11.0
2626989720.0,38,205.0,1,108.0,11.0
2653837225.0,24,2478.0,1,236.0,11.0
2612041275.0,114,152.0,1,46.0,11.0
2751215672.0,49,325.0,1,235.0,11.0
2725599511.0,10,2478.0,1,236.0,11.0
2631013892.0,185,161.0,1,46.0,11.0
2644924460.0,33,1449.0,1,236.0,11.0
2645693379.0,83,51.0,1,32.0,11.0
2720360679.0,101,,1,,11.0
2628506127.0,186,532.0,1,236.0,11.0
2845134048.0,45,1449.0,3,236.0,11.0
2628821498.0,99,276.0,3,157.0,11.0
2775802315.0,153,2478.0,3,236.0,11.0
2650915785.0,106,149.0,3,46.0,11.0
2601012580.0,11,325.0,3,235.0,11.0
2667978588.0,48,2478.0,3,236.0,11.0
2628509569.0,185,161.0,3,46.0,11.0
2775881051.0,45,1449.0,3,236.0,11.0
2592618186.0,83,51.0,3,32.0,11.0
2650920723.0,187,,3,,11.0
2879459423.0,100,532.0,3,236.0,11.0
2589190551.0,151,2478.0,1,236.0,10.0
2608576946.0,109,152.0,1,46.0,10.0
2875757228.0,63,503.0,1,236.0,10.0
2678628809.0,77,995.0,1,236.0,10.0
2725824013.0,68,325.0,1,235.0,10.0
2587620338.0,188,2478.0,1,236.0,10.0
2876688752.0,166,2478.0,1,236.0,10.0
2736704399.0,171,2478.0,1,236.0,10.0
2680939184.0,81,2478.0,1,236.0,10.0
2682414168.0,162,152.0,1,46.0,10.0
2671317236.0,86,152.0,1,46.0,10.0
2853634045.0,139,532.0,1,236.0,10.0
2683936162.0,189,2478.0,3,236.0,10.0
2710643864.0,117,149.0,3,46.0,10.0
2620115681.0,172,73.0,3,41.0,10.0
2843008041.0,190,503.0,3,236.0,10.0
2623952238.0,85,995.0,3,236.0,10.0
2591661607.0,97,325.0,3,235.0,10.0
2710237381.0,188,2478.0,3,236.0,10.0
2712597783.0,127,2478.0,3,236.0,10.0
2626461272.0,99,2478.0,3,236.0,10.0
2709690478.0,171,2478.0,3,236.0,10.0
2843860768.0,97,532.0,3,236.0,10.0
2621456832.0,111,149.0,3,46.0,10.0
2617578779.0,191,149.0,3,46.0,10.0
2623269541.0,47,532.0,3,236.0,10.0
2802362086.0,89,2478.0,1,236.0,9.0
2607237500.0,139,321.0,1,,9.0
2589297255.0,79,3165.0,1,236.0,9.0
2782185201.0,26,2478.0,1,236.0,9.0
2616483659.0,68,2093.0,1,236.0,9.0
2888703591.0,139,321.0,1,,9.0
2837401236.0,127,2935.0,1,236.0,9.0
2829084666.0,81,3165.0,1,236.0,9.0
2609712660.0,68,325.0,1,235.0,9.0
2833379170.0,101,51.0,1,32.0,9.0
2795602533.0,171,2478.0,1,236.0,9.0
2608942888.0,192,503.0,1,236.0,9.0
2653834687.0,98,3165.0,1,236.0,9.0
2607798973.0,13,2478.0,3,236.0,9.0
2733408418.0,47,321.0,3,,9.0
2655334673.0,87,3165.0,3,236.0,9.0
2683932232.0,52,2478.0,3,236.0,9.0
2854367006.0,77,2093.0,3,236.0,9.0
2658370028.0,47,321.0,3,,9.0
2847363868.0,34,2935.0,3,236.0,9.0
2725154904.0,99,3165.0,3,236.0,9.0
2669625600.0,68,325.0,3,235.0,9.0
2762396982.0,187,51.0,3,32.0,9.0
2680938476.0,171,2478.0,3,236.0,9.0
2670778125.0,63,503.0,3,236.0,9.0
2725679556.0,79,3165.0,3,236.0,9.0
2614038167.0,2,321.0,1,,8.0
2782780191.0,139,325.0,1,235.0,8.0
2855788653.0,110,325.0,1,235.0,8.0
2802360064.0,1,2093.0,1,236.0,8.0
2591737455.0,90,325.0,1,235.0,8.0
2782796495.0,66,325.0,1,235.0,8.0
2625331611.0,110,325.0,1,235.0,8.0
2621431349.0,154,1466.0,1,236.0,8.0
2711375922.0,2,3083.0,1,236.0,8.0
2785834697.0,34,2478.0,1,236.0,8.0
2813637771.0,69,2478.0,1,236.0,8.0
2607181131.0,2,321.0,1,,8.0
2787864196.0,5,478.0,1,236.0,8.0
2854202758.0,6,321.0,1,,8.0
2630122155.0,77,532.0,1,236.0,8.0
2635635996.0,47,325.0,1,235.0,8.0
2621790581.0,101,3165.0,1,236.0,8.0
2614545665.0,6,478.0,1,236.0,8.0
2633037119.0,6,321.0,3,,8.0
2653837776.0,47,325.0,3,235.0,8.0
2793370346.0,90,325.0,3,235.0,8.0
2608574683.0,184,2093.0,3,236.0,8.0
2888702632.0,90,325.0,3,235.0,8.0
2663752392.0,110,325.0,3,235.0,8.0
2611548915.0,110,325.0,3,235.0,8.0
2633065867.0,192,1466.0,3,236.0,8.0
2623925231.0,74,3083.0,3,236.0,8.0
2643950196.0,58,2478.0,3,236.0,8.0
2647141067.0,25,2478.0,3,236.0,8.0
2747042497.0,2,321.0,3,,8.0
2710642867.0,6,478.0,3,236.0,8.0
2658147670.0,139,321.0,3,,8.0
2699073899.0,77,532.0,3,236.0,8.0
2614065608.0,47,325.0,3,235.0,8.0
2591797814.0,81,3165.0,3,236.0,8.0
2616770820.0,7,478.0,3,236.0,8.0
2687624475.0,119,325.0,1,235.0,7.0
2623952738.0,108,325.0,1,235.0,7.0
2655349239.0,101,2478.0,1,236.0,7.0
2718602363.0,110,532.0,1,236.0,7.0
2687578416.0,68,325.0,1,235.0,7.0
2613586400.0,80,478.0,1,236.0,7.0
2687639490.0,54,321.0,1,,7.0
2725162468.0,116,325.0,1,235.0,7.0
2715485097.0,102,321.0,1,,7.0
2621077073.0,83,1466.0,1,236.0,7.0
2591747475.0,83,1466.0,1,236.0,7.0
2666424498.0,96,478.0,1,236.0,7.0
2627098323.0,119,321.0,1,,7.0
2689898106.0,154,503.0,1,236.0,7.0
2722116125.0,192,330.0,1,235.0,7.0
2717791550.0,86,2478.0,1,236.0,7.0
2620561258.0,29,325.0,1,235.0,7.0
2617682481.0,36,321.0,1,,7.0
2620125476.0,155,2478.0,1,236.0,7.0
2725680760.0,95,478.0,1,236.0,7.0
2623270666.0,108,1466.0,1,236.0,7.0
2617632124.0,85,321.0,1,,7.0
2658147413.0,53,321.0,1,,7.0
2659970738.0,47,503.0,1,236.0,7.0
2638411397.0,7,478.0,1,236.0,7.0
2740103755.0,19,330.0,1,235.0,7.0
2678640766.0,151,330.0,1,235.0,7.0
2644921877.0,161,478.0,1,236.0,7.0
2614039907.0,55,1466.0,1,236.0,7.0
2629309239.0,31,3165.0,1,236.0,7.0
2631014598.0,7,503.0,1,236.0,7.0
2726261090.0,167,330.0,1,235.0,7.0
2643946718.0,90,325.0,1,235.0,7.0
2710635247.0,29,1466.0,1,236.0,7.0
2629876036.0,54,325.0,1,235.0,7.0
2795601928.0,54,325.0,1,235.0,7.0
2710627564.0,177,3165.0,1,236.0,7.0
2738997668.0,93,325.0,1,235.0,7.0
2749506912.0,55,325.0,1,235.0,7.0
2670008935.0,145,330.0,1,235.0,7.0
2664051732.0,47,321.0,1,,7.0
2776297354.0,101,2478.0,1,236.0,7.0
2875755518.0,47,325.0,1,235.0,233.0
2680380987.0,97,321.0,1,,222.0
2635814120.0,77,325.0,1,235.0,222.0
2658246418.0,63,1466.0,1,236.0,222.0
2654285890.0,95,271.0,1,147.0,221.0
2597778797.0,192,325.0,1,235.0,221.0
2655775654.0,97,325.0,1,235.0,217.0
2681539727.0,70,325.0,1,235.0,217.0
2890340058.0,97,325.0,1,235.0,215.0
2599272403.0,77,325.0,1,235.0,215.0
2645334654.0,36,325.0,1,235.0,214.0
2695620934.0,66,321.0,1,,214.0
2639765200.0,133,503.0,1,236.0,202.0
2827354054.0,119,325.0,3,235.0,202.0
2698944606.0,193,325.0,3,235.0,199.0
2854212838.0,187,2478.0,3,236.0,199.0
2596405573.0,90,532.0,3,236.0,198.0
2650748152.0,68,325.0,3,235.0,198.0
2651958307.0,47,478.0,3,236.0,198.0
2829082566.0,102,321.0,3,,198.0
2628484769.0,116,325.0,3,235.0,195.0
2629590312.0,146,321.0,3,,195.0
2634457389.0,122,1466.0,3,236.0,190.0
2793366962.0,122,1466.0,3,236.0,185.0
2650908533.0,5,478.0,3,236.0,185.0
2623949043.0,85,321.0,3,,185.0
2628508943.0,192,503.0,3,236.0,177.0
2643948493.0,194,333.0,3,235.0,177.0
2838578274.0,1,1466.0,3,236.0,155.0
2815474042.0,164,2478.0,3,236.0,155.0
2626136042.0,54,325.0,3,235.0,147.0
2745914500.0,116,321.0,3,,147.0
2669795053.0,151,2478.0,3,236.0,146.0
2625027843.0,50,478.0,3,236.0,146.0
2782790012.0,29,1466.0,3,236.0,144.0
2687641049.0,38,321.0,3,,144.0
2665698396.0,71,321.0,3,,136.0
2646423898.0,68,503.0,3,236.0,136.0
2869128341.0,137,478.0,3,236.0,135.0
2601014333.0,151,333.0,3,235.0,135.0
2860010221.0,195,333.0,3,235.0,135.0
2671019574.0,95,478.0,3,236.0,135.0
2626857379.0,83,1466.0,3,236.0,133.0
2597750214.0,177,3165.0,3,236.0,133.0
2624391453.0,47,503.0,3,236.0,132.0
2678634283.0,32,337.0,3,235.0,132.0
2591652788.0,90,325.0,3,235.0,129.0
2609945399.0,102,325.0,3,235.0,129.0
2628482356.0,55,1466.0,3,236.0,129.0
2632194824.0,54,325.0,3,235.0,129.0
2681717151.0,44,3165.0,3,236.0,128.0
2623950639.0,135,325.0,3,235.0,128.0
2682496115.0,36,325.0,3,235.0,125.0
2793365529.0,68,321.0,3,,123.0
2630703897.0,101,2478.0,3,236.0,123.0
2853646314.0,47,325.0,3,235.0,122.0
2628654126.0,66,321.0,3,,122.0
2829084240.0,77,325.0,3,235.0,115.0
2599288943.0,64,1466.0,3,236.0,115.0
2686595223.0,157,271.0,3,147.0,107.0
2655348610.0,169,97.0,3,41.0,107.0
2687587821.0,60,325.0,3,235.0,103.0
2650629269.0,77,325.0,3,235.0,101.0
2683929549.0,66,325.0,3,235.0,101.0
2670775322.0,97,325.0,3,235.0,101.0
2650907152.0,77,325.0,3,235.0,101.0
2635439300.0,116,325.0,3,235.0,96.0
2680934945.0,90,321.0,3,,96.0
2736752979.0,134,503.0,3,236.0,93.0
2740211053.0,196,344.0,1,235.0,93.0
2625328187.0,141,3165.0,1,236.0,93.0
2755154374.0,20,2672.0,1,236.0,92.0
2742653057.0,197,341.0,1,235.0,92.0
2813636795.0,89,341.0,1,235.0,92.0
2606897321.0,198,161.0,1,46.0,91.0
2802359464.0,66,478.0,1,236.0,91.0
2849894045.0,53,161.0,1,46.0,91.0
2626529697.0,151,161.0,1,46.0,91.0
2690448936.0,108,161.0,1,46.0,91.0
2623946027.0,199,341.0,1,235.0,91.0
2628504962.0,122,3165.0,1,236.0,87.0
2879460442.0,200,2672.0,1,236.0,87.0
2875760729.0,85,2903.0,1,236.0,84.0
2747045856.0,74,503.0,1,236.0,84.0
2850105132.0,42,2672.0,1,236.0,84.0
2890340652.0,144,503.0,1,236.0,84.0
2860010522.0,113,1466.0,1,236.0,83.0
2762394737.0,55,214.0,1,108.0,83.0
2719862692.0,1,247.0,1,110.0,82.0
2643962378.0,1,503.0,1,236.0,82.0
2669646592.0,127,2672.0,1,236.0,82.0
2687707024.0,14,330.0,1,235.0,81.0
2730486281.0,30,330.0,1,235.0,81.0
2596398378.0,5,1466.0,1,236.0,80.0
2689244381.0,96,353.0,1,236.0,80.0
2599580435.0,47,325.0,1,235.0,75.0
2622103593.0,139,353.0,1,236.0,75.0
2736983031.0,188,1466.0,1,236.0,74.0
2725602646.0,2,1466.0,1,236.0,74.0
2756500034.0,134,353.0,1,236.0,73.0
2650915765.0,3,478.0,1,236.0,73.0
2711082322.0,79,321.0,1,,71.0
2889432625.0,66,532.0,1,236.0,71.0
2718601785.0,55,321.0,1,,69.0
2775305179.0,50,478.0,1,236.0,69.0
2720582661.0,99,532.0,1,236.0,68.0
2726251792.0,95,2707.0,1,236.0,68.0
2636203089.0,63,330.0,1,235.0,67.0
2730504036.0,97,1466.0,1,236.0,67.0
2699073051.0,45,532.0,1,236.0,63.0
2725881343.0,116,321.0,1,,63.0
2721140868.0,139,325.0,1,235.0,62.0
2799632233.0,19,2672.0,1,236.0,62.0
2782793833.0,6,1466.0,1,236.0,62.0
2738994536.0,51,1466.0,1,236.0,62.0
2802365642.0,196,337.0,3,235.0,61.0
2664051786.0,123,3165.0,3,236.0,61.0
2681543596.0,172,503.0,3,236.0,60.0
2664873151.0,42,2672.0,3,236.0,60.0
2599064967.0,18,333.0,3,235.0,60.0
2612547928.0,57,333.0,3,235.0,60.0
2611219053.0,35,161.0,3,46.0,60.0
2601121926.0,90,478.0,3,236.0,60.0
2599045303.0,11,161.0,3,46.0,58.0
2633532842.0,195,161.0,3,46.0,58.0
2612545917.0,54,161.0,3,46.0,58.0
2607252759.0,201,333.0,3,235.0,58.0
2622016017.0,141,3165.0,3,236.0,58.0
2688414254.0,44,2672.0,3,236.0,58.0
2632198670.0,141,2903.0,3,236.0,58.0
2700850800.0,5,503.0,3,236.0,58.0
2691376959.0,178,2672.0,3,236.0,58.0
2782789406.0,74,503.0,3,236.0,58.0
2669624945.0,182,1466.0,3,236.0,57.0
2726255017.0,80,247.0,3,110.0,57.0
2739291159.0,144,503.0,3,236.0,56.0
2748536485.0,20,2672.0,3,236.0,56.0
2838580034.0,106,333.0,3,235.0,56.0
2689243840.0,120,333.0,3,235.0,56.0
2719861341.0,6,1466.0,3,236.0,56.0
2827356616.0,134,353.0,3,236.0,56.0
2657096909.0,47,325.0,3,235.0,56.0
2659442077.0,66,353.0,3,236.0,56.0
2752653790.0,81,1466.0,3,236.0,56.0
2710594691.0,5,1466.0,3,236.0,56.0
2833391646.0,136,353.0,3,236.0,56.0
2689242287.0,4,478.0,3,236.0,56.0
2709712797.0,79,321.0,3,,55.0
2718595707.0,110,532.0,3,236.0,55.0
2658201296.0,36,321.0,3,,55.0
2692042118.0,3,478.0,3,236.0,55.0
2725592914.0,98,532.0,3,236.0,55.0
2739291357.0,1,2707.0,3,236.0,55.0
2793364172.0,61,333.0,3,235.0,55.0
2802360989.0,135,1466.0,3,236.0,55.0
2842142397.0,75,532.0,3,236.0,54.0
2689242151.0,116,321.0,3,,54.0
2746259767.0,139,325.0,3,235.0,53.0
2770673567.0,202,2672.0,3,236.0,53.0
2875763390.0,97,1466.0,3,236.0,53.0
2720584145.0,183,1466.0,3,236.0,53.0
2718487408.0,135,325.0,1,235.0,52.0
2782787690.0,22,353.0,1,236.0,52.0
2712446339.0,79,321.0,1,,52.0
2720429965.0,136,2903.0,1,236.0,52.0
2711349498.0,54,503.0,1,236.0,52.0
2804764962.0,36,478.0,1,236.0,51.0
2627102872.0,187,1732.0,1,236.0,51.0
2725593412.0,125,478.0,1,236.0,50.0
2733972566.0,112,478.0,1,236.0,50.0
2775298442.0,29,214.0,1,108.0,50.0
2628654862.0,119,478.0,1,236.0,50.0
2699909047.0,125,325.0,1,235.0,50.0
2621082100.0,30,1081.0,1,236.0,50.0
2649380787.0,24,1732.0,1,236.0,50.0
2775801710.0,144,353.0,1,236.0,50.0
2775883201.0,51,283.0,1,172.0,49.0
2676819335.0,40,161.0,1,46.0,49.0
2770066195.0,85,1732.0,1,236.0,49.0
2879464088.0,47,2903.0,1,236.0,49.0
2680937801.0,55,1732.0,1,236.0,48.0
2880259292.0,81,321.0,1,,48.0
2633045741.0,80,2903.0,1,236.0,48.0
2793363807.0,82,1732.0,1,236.0,48.0
2782814826.0,68,1732.0,1,236.0,48.0
2683911739.0,9,325.0,1,235.0,48.0
2827355403.0,29,321.0,1,,47.0
2684277136.0,74,2903.0,1,236.0,47.0
2680940094.0,169,353.0,1,236.0,47.0
2653838614.0,85,478.0,1,236.0,47.0
2678621043.0,68,2903.0,1,236.0,46.0
2678632878.0,91,1466.0,1,236.0,46.0
2645690581.0,90,478.0,1,236.0,46.0
2652313818.0,110,353.0,1,236.0,46.0
2634491689.0,125,321.0,1,,46.0
2655347087.0,30,478.0,1,236.0,46.0
2649375617.0,126,161.0,1,46.0,46.0
2709717641.0,66,353.0,1,236.0,46.0
2647219967.0,9,503.0,1,236.0,46.0
2843164039.0,144,478.0,1,236.0,45.0
2655776895.0,7,2903.0,1,236.0,45.0
2695980782.0,89,1099.0,1,236.0,45.0
2680940794.0,71,321.0,1,,45.0
2853635090.0,2,478.0,1,236.0,45.0
2833806193.0,55,161.0,1,46.0,45.0
2770674946.0,31,1466.0,1,236.0,45.0
2640930421.0,31,161.0,1,46.0,45.0
2676827702.0,138,353.0,1,236.0,45.0
2678629446.0,70,478.0,1,236.0,45.0
2829081508.0,93,478.0,1,236.0,45.0
2650952182.0,97,478.0,1,236.0,45.0
2669626535.0,55,2903.0,1,236.0,45.0
2634478217.0,29,353.0,1,236.0,45.0
2643866283.0,89,325.0,1,235.0,45.0
2647865057.0,113,503.0,1,236.0,45.0
2859570450.0,135,321.0,1,,45.0
2644790732.0,2,478.0,1,236.0,45.0
2683933901.0,47,478.0,1,236.0,44.0
2678641817.0,53,353.0,1,236.0,44.0
2630273156.0,125,161.0,1,46.0,44.0
2740148895.0,81,214.0,1,108.0,44.0
2644364270.0,119,2903.0,1,236.0,44.0
2659221801.0,125,353.0,1,236.0,44.0
2648833741.0,68,503.0,1,236.0,43.0
2738173270.0,84,1466.0,1,236.0,43.0
2680935720.0,54,161.0,1,46.0,43.0
2657097294.0,135,325.0,3,235.0,43.0
2494736882.0,172,353.0,3,236.0,43.0
2494736890.0,16,353.0,3,236.0,43.0
2494736897.0,87,321.0,3,,43.0
2494736906.0,136,2903.0,3,236.0,42.0
2494736911.0,9,503.0,3,236.0,42.0
2494736927.0,116,478.0,3,236.0,42.0
2494736942.0,82,1732.0,3,236.0,42.0
2494736943.0,129,478.0,3,236.0,42.0
2494736955.0,112,478.0,3,236.0,42.0
2494736957.0,102,209.0,3,108.0,41.0
2494736962.0,85,478.0,3,236.0,41.0
2494736972.0,166,325.0,3,235.0,41.0
2494736991.0,73,1081.0,3,236.0,41.0
2494719782.0,69,1732.0,3,236.0,41.0
2494719794.0,96,353.0,3,236.0,41.0
2494719843.0,4,283.0,3,172.0,41.0
2534824100.0,151,161.0,3,46.0,41.0
2540648175.0,184,2606.0,3,236.0,40.0
2540648185.0,123,1732.0,3,236.0,40.0
2540648735.0,68,2903.0,3,236.0,40.0
2540650869.0,85,1732.0,3,236.0,40.0
2494740012.0,99,321.0,3,,39.0
2494740036.0,136,2903.0,3,236.0,39.0
2587620338.0,53,1732.0,3,236.0,39.0
2611535553.0,146,1732.0,3,236.0,39.0
2607230715.0,9,325.0,3,235.0,39.0
2633037119.0,54,321.0,3,,39.0
2623280708.0,96,2903.0,3,236.0,39.0
2623931900.0,144,353.0,3,236.0,39.0
2591747475.0,83,478.0,3,236.0,39.0
2644919407.0,136,1055.0,3,236.0,39.0
2626491488.0,97,2903.0,3,236.0,39.0
2633532842.0,154,1466.0,3,236.0,39.0
2655769576.0,93,478.0,3,236.0,38.0
2667444792.0,29,353.0,3,236.0,38.0
2687668767.0,129,321.0,3,,38.0
2688414254.0,152,478.0,3,236.0,38.0
2709715497.0,202,161.0,3,46.0,38.0
2710635247.0,110,353.0,3,236.0,38.0
2711375922.0,98,503.0,3,236.0,37.0
2711375922.0,74,478.0,3,236.0,37.0
2710640615.0,137,2903.0,3,236.0,37.0
2709714922.0,13,1099.0,3,236.0,37.0
2689244804.0,203,321.0,3,,37.0
2699073899.0,144,478.0,3,236.0,37.0
2710643864.0,188,161.0,3,46.0,37.0
2650915765.0,204,1466.0,3,236.0,37.0
2710625953.0,20,161.0,3,46.0,37.0
2725680167.0,188,353.0,3,236.0,37.0
2720430554.0,66,478.0,3,236.0,36.0
2699073899.0,193,478.0,3,236.0,36.0
2718487408.0,77,478.0,3,236.0,36.0
2725593412.0,55,2903.0,3,236.0,36.0
2736704399.0,122,353.0,3,236.0,36.0
2738173270.0,13,325.0,3,235.0,36.0
2699073899.0,24,503.0,3,236.0,35.0
2718599654.0,112,321.0,3,,35.0
2736058748.0,2,478.0,3,236.0,35.0
2650907152.0,97,478.0,3,236.0,35.0
2710597819.0,24,353.0,3,236.0,35.0
2718486714.0,205,161.0,3,46.0,35.0
2747048728.0,81,209.0,3,108.0,35.0
2726261090.0,85,2903.0,3,236.0,35.0
2770066195.0,129,353.0,3,236.0,35.0
2718635490.0,54,503.0,3,236.0,35.0
2725603473.0,166,1466.0,3,236.0,35.0
2768309358.0,146,161.0,3,46.0,35.0
2762396982.0,44,344.0,1,235.0,34.0
2762396982.0,133,1732.0,1,236.0,34.0
2782825545.0,19,325.0,1,235.0,34.0
2785834697.0,145,503.0,1,236.0,34.0
2719863269.0,79,214.0,1,108.0,34.0
2775300460.0,44,325.0,1,235.0,34.0
2751215672.0,135,214.0,1,108.0,34.0
2751215672.0,178,341.0,1,235.0,34.0
2752656061.0,135,161.0,1,46.0,34.0
2699073899.0,35,478.0,1,236.0,34.0
2718599654.0,179,503.0,1,236.0,33.0
2699073899.0,104,341.0,1,235.0,33.0
2718599654.0,167,325.0,1,235.0,33.0
2710643864.0,169,2903.0,1,236.0,33.0
2775804928.0,95,2903.0,1,236.0,33.0
2793371290.0,161,,1,,33.0
2793364172.0,89,321.0,1,,33.0
2793363496.0,30,321.0,1,,33.0
2699073899.0,50,628.0,1,236.0,33.0
2718599654.0,81,214.0,1,108.0,33.0
2793369064.0,53,214.0,1,108.0,32.0
2800628742.0,35,503.0,1,236.0,32.0
2802363793.0,4,2903.0,1,236.0,32.0
2793379076.0,34,325.0,1,235.0,32.0
2770671877.0,64,503.0,1,236.0,31.0
2793364384.0,10,478.0,1,236.0,31.0
2793366962.0,151,325.0,1,235.0,30.0
2827389523.0,44,478.0,1,236.0,30.0
2768309358.0,82,478.0,1,236.0,30.0
2853640281.0,48,325.0,1,235.0,30.0
2853640281.0,183,2903.0,1,236.0,30.0
2751215672.0,53,1732.0,1,236.0,30.0
2699073899.0,127,1099.0,1,236.0,30.0
2718599654.0,146,478.0,1,236.0,30.0
2699073899.0,109,478.0,1,236.0,30.0
2718599654.0,79,1466.0,1,236.0,30.0
2815474042.0,55,478.0,1,236.0,30.0
2815473914.0,145,161.0,1,46.0,29.0
2860008867.0,91,503.0,1,236.0,29.0
2859570450.0,14,478.0,1,236.0,29.0
2699073899.0,29,478.0,1,236.0,29.0
2718599654.0,98,1466.0,1,236.0,29.0
2875765318.0,54,478.0,1,236.0,29.0
2656894995.0,64,321.0,1,,28.0
2670778125.0,102,214.0,1,108.0,28.0
2678640766.0,70,2903.0,1,236.0,28.0
2711082322.0,37,325.0,1,235.0,28.0
2769834124.0,30,337.0,3,235.0,28.0
2767324642.0,68,1732.0,3,236.0,28.0
2815473914.0,151,325.0,3,235.0,28.0
2622244212.0,35,503.0,3,236.0,28.0
2629871124.0,53,209.0,3,108.0,28.0
2659353843.0,89,325.0,3,235.0,27.0
2782801046.0,112,209.0,3,108.0,27.0
2625827963.0,206,333.0,3,235.0,27.0
2608925782.0,108,161.0,3,46.0,27.0
2633047911.0,48,503.0,3,236.0,27.0
2653834302.0,128,333.0,3,235.0,27.0
2631175967.0,159,325.0,3,235.0,27.0
2833377589.0,161,2903.0,3,236.0,27.0
2625330535.0,50,2903.0,3,236.0,27.0
2644157797.0,95,,3,,27.0
2829085721.0,164,321.0,3,,27.0
2636205200.0,89,321.0,3,,27.0
2680235558.0,3,628.0,3,236.0,27.0
2658177011.0,79,209.0,3,108.0,27.0
2603874911.0,72,209.0,3,108.0,27.0
2843164741.0,147,503.0,3,236.0,26.0
2629666271.0,4,2903.0,3,236.0,26.0
2645692592.0,58,325.0,3,235.0,26.0
2698276936.0,124,503.0,3,236.0,26.0
2630458680.0,82,478.0,3,236.0,26.0
2496398117.0,195,325.0,3,235.0,26.0
2802361348.0,30,478.0,3,236.0,26.0
2725157924.0,48,478.0,3,236.0,26.0
2645352189.0,166,325.0,3,235.0,26.0
2720424790.0,183,2903.0,3,236.0,26.0
2650758349.0,49,1732.0,3,236.0,26.0
2678619267.0,89,1099.0,3,236.0,26.0
2600601626.0,55,478.0,3,236.0,26.0
2596680487.0,162,478.0,3,236.0,26.0
2592885078.0,203,1466.0,3,236.0,26.0
2888706359.0,36,478.0,3,236.0,26.0
2720406209.0,35,161.0,3,46.0,25.0
2680926993.0,154,503.0,3,236.0,25.0
2691814271.0,73,478.0,3,236.0,25.0
2669674108.0,175,209.0,3,108.0,25.0
2785843245.0,54,478.0,3,236.0,25.0
2610562968.0,79,1466.0,3,236.0,25.0
2494714565.0,102,478.0,3,236.0,25.0
2687658384.0,160,321.0,3,,25.0
2575035068.0,55,209.0,3,108.0,25.0
2709716513.0,66,2903.0,3,236.0,25.0
2612889099.0,37,325.0,3,235.0,25.0
2833399267.0,155,1466.0,1,236.0,25.0
2842209576.0,144,310.0,1,216.0,25.0
2666427442.0,6,2039.0,1,236.0,25.0
2699918391.0,109,325.0,1,235.0,24.0
2770673887.0,174,478.0,1,236.0,24.0
2614075181.0,101,325.0,1,235.0,24.0
2782815631.0,101,314.0,1,216.0,24.0
2888694268.0,86,478.0,1,236.0,24.0
2680415873.0,45,321.0,1,,24.0
2770670686.0,22,478.0,1,236.0,233.0
2633147566.0,198,214.0,1,108.0,222.0
2578646531.0,137,2039.0,1,236.0,222.0
2726250960.0,47,314.0,1,216.0,222.0
2680936704.0,98,,1,,221.0
2620146336.0,68,2039.0,1,236.0,221.0
2643988058.0,38,3165.0,1,236.0,217.0
2811254971.0,68,314.0,1,216.0,217.0
2659110084.0,19,503.0,1,236.0,215.0
2578730448.0,136,314.0,1,216.0,215.0
2722112450.0,43,214.0,1,108.0,214.0
2634935480.0,78,214.0,1,108.0,214.0
2666176217.0,136,314.0,1,216.0,202.0
2629370312.0,83,314.0,1,216.0,202.0
2623252964.0,36,314.0,1,216.0,199.0
2618714576.0,68,314.0,1,216.0,199.0
2644916972.0,200,325.0,1,235.0,198.0
2652312416.0,90,305.0,1,216.0,198.0
2607798683.0,154,80.0,1,41.0,198.0
2621430253.0,166,478.0,1,236.0,198.0
2793363340.0,200,478.0,1,236.0,195.0
2621543937.0,48,478.0,1,236.0,195.0
2680928653.0,22,321.0,1,,190.0
2787487102.0,162,478.0,1,236.0,185.0
2621390925.0,5,118.0,1,41.0,185.0
2827389523.0,34,321.0,1,,185.0
2658211558.0,104,325.0,1,235.0,177.0
2650745384.0,73,1081.0,1,236.0,177.0
2644168637.0,2,305.0,1,216.0,155.0
2879465104.0,44,161.0,1,46.0,155.0
2687668767.0,144,305.0,1,216.0,147.0
2833506054.0,2,305.0,1,216.0,147.0
2664894558.0,137,305.0,1,216.0,146.0
2658149120.0,6,305.0,1,216.0,146.0
2636317780.0,49,478.0,1,236.0,144.0
2711461800.0,74,305.0,1,216.0,144.0
2625733460.0,1,478.0,1,236.0,136.0
2627649361.0,184,2093.0,1,236.0,136.0
2625323203.0,137,984.0,1,236.0,135.0
2833734701.0,45,325.0,1,235.0,135.0
2718635490.0,91,478.0,1,236.0,135.0
2663055801.0,166,321.0,1,,135.0
2647131358.0,40,1081.0,1,236.0,133.0
2628543845.0,2,984.0,1,236.0,133.0
2710625953.0,12,478.0,1,236.0,132.0
2752656061.0,63,2039.0,1,236.0,132.0
2669669158.0,33,1413.0,1,236.0,129.0
2652308155.0,89,1466.0,1,236.0,129.0
2638334564.0,67,341.0,1,235.0,129.0
2653832796.0,101,263.0,1,131.0,129.0
2670832609.0,50,435.0,1,236.0,128.0
2793364652.0,109,341.0,1,235.0,128.0
2633534239.0,67,478.0,1,236.0,125.0
2624921331.0,22,161.0,1,46.0,123.0
2649375962.0,122,325.0,1,235.0,123.0
2655354102.0,68,118.0,1,41.0,122.0
2817437027.0,83,325.0,1,235.0,122.0
2657094107.0,207,341.0,1,235.0,115.0
2659411204.0,119,,1,,115.0
2655778109.0,120,325.0,1,235.0,107.0
2609683598.0,19,161.0,1,46.0,107.0
2650896465.0,43,341.0,1,235.0,103.0
2632227996.0,83,,1,,101.0
2632426148.0,29,2903.0,1,236.0,101.0
2640933931.0,141,325.0,1,235.0,101.0
2699915249.0,193,,1,,101.0
2793369385.0,96,305.0,3,216.0,96.0
2650898567.0,7,2039.0,3,236.0,96.0
2644919407.0,111,325.0,3,235.0,93.0
2631806188.0,170,478.0,3,236.0,93.0
2631015256.0,163,325.0,3,235.0,93.0
2623931900.0,187,312.0,3,216.0,92.0
2627096045.0,164,478.0,3,236.0,92.0
2634447770.0,46,321.0,3,,92.0
2622343684.0,43,478.0,3,236.0,91.0
2634935990.0,192,209.0,3,108.0,91.0
2699075600.0,68,2039.0,3,236.0,91.0
2632222005.0,68,312.0,3,216.0,91.0
2628507183.0,11,,3,,91.0
2695620555.0,54,2039.0,3,236.0,91.0
2606492014.0,99,3165.0,3,236.0,87.0
2688239769.0,77,312.0,3,216.0,87.0
2624403075.0,130,503.0,3,236.0,84.0
2623272210.0,139,312.0,3,216.0,84.0
2693763684.0,208,209.0,3,108.0,84.0
2622803676.0,80,,3,,84.0
2638373660.0,209,209.0,3,108.0,83.0
2687641487.0,139,312.0,3,216.0,83.0
2691814779.0,123,312.0,3,216.0,82.0
2653836079.0,116,312.0,3,216.0,82.0
2856852800.0,68,312.0,3,216.0,82.0
2629410400.0,131,325.0,3,235.0,81.0
2833423866.0,108,312.0,3,216.0,81.0
2623959941.0,190,80.0,3,41.0,80.0
2712446168.0,34,478.0,3,236.0,80.0
2689244804.0,204,478.0,3,236.0,75.0
2462375420.0,203,478.0,3,236.0,75.0
2650897248.0,163,321.0,3,,74.0
2620407371.0,174,478.0,3,236.0,74.0
2693009030.0,68,118.0,3,41.0,73.0
2626991662.0,177,321.0,3,,73.0
2624377750.0,41,325.0,3,235.0,71.0
2628736901.0,210,1081.0,3,236.0,71.0
2624680211.0,144,312.0,3,216.0,69.0
2599579619.0,195,161.0,3,46.0,69.0
2888698060.0,144,312.0,3,216.0,68.0
2691811332.0,2,312.0,3,216.0,68.0
2596411354.0,136,312.0,3,216.0,67.0
2623273340.0,7,312.0,3,216.0,67.0
2793363496.0,72,478.0,3,236.0,63.0
2588989408.0,6,312.0,3,216.0,63.0
2678623419.0,51,478.0,3,236.0,62.0
2676826054.0,7,2093.0,3,236.0,62.0
2628818974.0,136,984.0,3,236.0,62.0
2678624895.0,46,325.0,3,235.0,62.0
2740088056.0,192,478.0,3,236.0,61.0
2770671877.0,143,321.0,3,,61.0
2718603055.0,30,1081.0,3,236.0,60.0
2611535553.0,74,984.0,3,236.0,60.0
2659818223.0,92,478.0,3,236.0,60.0
2680941968.0,211,2039.0,3,236.0,60.0
2687645111.0,45,1413.0,3,236.0,60.0
2762394354.0,174,1466.0,3,236.0,60.0
2856852026.0,65,333.0,3,235.0,58.0
2775299259.0,171,263.0,3,131.0,58.0
2782821670.0,51,435.0,3,236.0,58.0
2623597259.0,212,333.0,3,235.0,58.0
2623863876.0,140,478.0,3,236.0,58.0
2680934515.0,17,161.0,3,46.0,58.0
2709713681.0,122,325.0,3,235.0,58.0
2693534969.0,122,325.0,3,235.0,58.0
2732935241.0,30,333.0,3,235.0,58.0
2607797870.0,83,,3,,58.0
2669638969.0,89,325.0,3,235.0,57.0
2875757958.0,195,161.0,3,46.0,57.0
2725158153.0,131,333.0,3,235.0,56.0
2641611940.0,175,,3,,56.0
2742592971.0,54,2903.0,3,236.0,56.0
2614062678.0,138,325.0,3,235.0,56.0
2608928490.0,119,,3,,56.0
2607812853.0,77,310.0,1,216.0,56.0
2875765318.0,157,628.0,1,236.0,56.0
2739377371.0,145,2039.0,1,236.0,56.0
2720441400.0,31,80.0,1,41.0,56.0
2587932091.0,79,263.0,1,131.0,56.0
2634463309.0,150,344.0,1,235.0,56.0
2888704561.0,96,150.0,1,46.0,56.0
2699075111.0,53,263.0,1,131.0,55.0
2605662536.0,166,2903.0,1,236.0,55.0
2678635295.0,29,150.0,1,46.0,55.0
2606417895.0,141,150.0,1,46.0,55.0
2489931082.0,6,341.0,1,235.0,55.0
2770672956.0,72,150.0,1,46.0,55.0
2689241131.0,85,150.0,1,46.0,55.0
2689242505.0,135,150.0,1,46.0,55.0
2853639479.0,36,150.0,1,46.0,54.0
2573622939.0,169,341.0,1,235.0,54.0
2775809417.0,193,1916.0,1,236.0,53.0
2607229752.0,70,150.0,1,46.0,53.0
2630684214.0,207,353.0,1,236.0,53.0
2622182169.0,47,150.0,1,46.0,53.0
2627099953.0,97,150.0,1,46.0,52.0
2623870607.0,109,80.0,1,41.0,52.0
2603421600.0,55,185.0,1,84.0,52.0
2623953285.0,47,1916.0,1,236.0,52.0
2838581358.0,145,263.0,1,131.0,52.0
2680374991.0,66,1916.0,1,236.0,51.0
2665348137.0,145,80.0,1,41.0,51.0
2833467104.0,6,1916.0,1,236.0,50.0
2619451724.0,12,1081.0,1,236.0,50.0
2790360128.0,125,1916.0,1,236.0,50.0
2621432410.0,35,2039.0,1,236.0,50.0
2719863269.0,116,310.0,1,216.0,50.0
2709714922.0,113,1964.0,1,236.0,50.0
2793379076.0,12,341.0,1,235.0,50.0
2616844029.0,146,310.0,1,216.0,50.0
2842296058.0,1,341.0,1,235.0,49.0
2815474380.0,1,341.0,1,235.0,49.0
2618253309.0,55,310.0,1,216.0,49.0
2802361675.0,115,161.0,1,46.0,49.0
2787477812.0,75,353.0,1,236.0,48.0
2855787837.0,28,310.0,1,216.0,48.0
2664899495.0,66,310.0,1,216.0,48.0
2827351767.0,91,2039.0,1,236.0,48.0
2578376033.0,19,2503.0,1,236.0,48.0
2665776903.0,38,80.0,1,41.0,48.0
2775300460.0,29,310.0,1,216.0,47.0
2592613979.0,33,2503.0,1,236.0,47.0
2649376314.0,83,2039.0,1,236.0,47.0
2652315370.0,79,310.0,1,216.0,47.0
2640982009.0,98,263.0,1,131.0,46.0
2659454793.0,91,2998.0,1,236.0,46.0
2612543840.0,167,2039.0,1,236.0,46.0
2693762817.0,127,2503.0,1,236.0,46.0
2655767134.0,26,2039.0,1,236.0,46.0
2587823226.0,108,80.0,1,41.0,46.0
2633160836.0,34,1732.0,1,236.0,46.0
2650899240.0,113,80.0,1,41.0,46.0
2588652104.0,117,321.0,1,,46.0
2637091463.0,53,314.0,1,216.0,45.0
2626491488.0,54,2039.0,1,236.0,45.0
2622804451.0,19,1732.0,1,236.0,45.0
2624676776.0,53,80.0,1,41.0,45.0
2833407165.0,67,321.0,1,,45.0
2648583855.0,54,314.0,1,216.0,45.0
2611526755.0,200,,1,,45.0
2622210228.0,7,314.0,1,216.0,45.0
2888696737.0,183,2039.0,1,236.0,45.0
2628508455.0,99,263.0,1,131.0,45.0
2830421351.0,35,321.0,1,,45.0
2740089149.0,144,150.0,1,46.0,45.0
2612686625.0,186,2039.0,1,236.0,45.0
2877450749.0,200,503.0,1,236.0,45.0
2802365058.0,2,150.0,1,46.0,45.0
2699916282.0,110,314.0,1,216.0,45.0
2890342768.0,81,,1,,45.0
2652311204.0,109,321.0,1,,45.0
2626512571.0,7,984.0,1,236.0,44.0
2695619535.0,171,263.0,1,131.0,44.0
2607799868.0,207,321.0,1,,44.0
2802363793.0,102,2998.0,1,236.0,44.0
2647578858.0,80,150.0,1,46.0,44.0
2599448230.0,51,150.0,1,46.0,44.0
2599672027.0,127,503.0,1,236.0,43.0
2649378586.0,192,1964.0,1,236.0,43.0
2853879979.0,7,150.0,1,46.0,43.0
2742592652.0,68,150.0,1,46.0,43.0
2635445858.0,1,150.0,1,46.0,43.0
2628505696.0,137,172.0,1,46.0,43.0
2853638594.0,166,353.0,1,236.0,43.0
2656894995.0,95,118.0,1,41.0,42.0
2782825545.0,79,2998.0,1,236.0,42.0
2504792938.0,1,172.0,1,46.0,42.0
2324960977.0,2,2998.0,1,236.0,42.0
2669637220.0,48,503.0,1,236.0,42.0
2640993994.0,30,1466.0,1,236.0,42.0
2725163453.0,157,,1,,41.0
2656882069.0,169,172.0,1,46.0,41.0
2680939523.0,166,1466.0,1,236.0,41.0
2701534579.0,16,321.0,1,,41.0
2678622229.0,114,478.0,1,236.0,41.0
2843839153.0,200,321.0,1,,41.0
2710640615.0,95,435.0,1,236.0,41.0
2730470625.0,104,321.0,1,,41.0
2634832052.0,68,478.0,1,236.0,40.0
2718486714.0,66,305.0,3,216.0,40.0
2695621810.0,50,628.0,3,236.0,40.0
2835506262.0,35,2039.0,3,236.0,40.0
2687674591.0,120,80.0,3,41.0,39.0
2644917688.0,87,263.0,3,131.0,39.0
2782798512.0,151,337.0,3,235.0,39.0
2687649924.0,134,172.0,3,46.0,39.0
2879466192.0,137,247.0,3,110.0,39.0
2643945945.0,49,263.0,3,131.0,39.0
2752653358.0,184,2039.0,3,236.0,39.0
2616716325.0,31,2903.0,3,236.0,39.0
2853640281.0,55,172.0,3,46.0,39.0
2606693614.0,9,172.0,3,46.0,39.0
2676814111.0,7,337.0,3,235.0,39.0
2608925440.0,203,1964.0,3,236.0,39.0
2623930559.0,122,172.0,3,46.0,38.0
2603770515.0,29,172.0,3,46.0,38.0
2752656384.0,116,172.0,3,46.0,38.0
2607212236.0,95,337.0,3,235.0,38.0
2629263253.0,9,1916.0,3,236.0,38.0
2671195319.0,135,172.0,3,46.0,38.0
2833486412.0,68,172.0,3,46.0,37.0
2616671143.0,70,172.0,3,46.0,37.0
2674681935.0,32,80.0,3,41.0,37.0
2768312109.0,36,186.0,3,84.0,37.0
2645699532.0,66,1916.0,3,236.0,37.0
2619113266.0,35,263.0,3,131.0,37.0
2600345370.0,193,1916.0,3,236.0,37.0
2710589322.0,47,1916.0,3,236.0,37.0
2856854262.0,213,1081.0,3,236.0,37.0
2616467389.0,205,1916.0,3,236.0,37.0
2623282699.0,214,2039.0,3,236.0,36.0
2599495578.0,83,313.0,3,216.0,36.0
2617840649.0,127,1964.0,3,236.0,36.0
2709715497.0,201,337.0,3,235.0,36.0
2591446992.0,55,313.0,3,216.0,36.0
2680941221.0,1,333.0,3,235.0,36.0
2599595057.0,51,333.0,3,235.0,35.0
2607230715.0,36,313.0,3,216.0,35.0
2689244229.0,35,161.0,3,46.0,35.0
2575438259.0,204,353.0,3,236.0,35.0
2582881740.0,193,313.0,3,216.0,35.0
2775804928.0,110,313.0,3,216.0,35.0
2592886032.0,94,2039.0,3,236.0,35.0
2588199358.0,215,2503.0,3,236.0,35.0
2709715861.0,136,1055.0,3,236.0,35.0
2739291884.0,66,2093.0,3,236.0,35.0
2827387969.0,53,80.0,3,41.0,35.0
2752655075.0,54,313.0,3,216.0,35.0
2626856081.0,59,2503.0,3,236.0,34.0
2591800739.0,9,2039.0,3,236.0,34.0
2746390685.0,87,313.0,3,216.0,34.0
2623284535.0,79,263.0,3,131.0,34.0
2666335456.0,62,2039.0,3,236.0,34.0
2829179035.0,34,2503.0,3,236.0,34.0
2736982607.0,78,2039.0,3,236.0,34.0
2726253068.0,38,80.0,3,41.0,34.0
2813794314.0,59,1732.0,3,236.0,34.0
2617587802.0,34,80.0,3,41.0,34.0
2622216399.0,15,321.0,3,,33.0
2678641233.0,48,313.0,3,216.0,33.0
2623280708.0,83,2039.0,3,236.0,33.0
2669622984.0,151,1732.0,3,236.0,33.0
2623913602.0,49,80.0,3,41.0,33.0
2782784012.0,140,321.0,3,,33.0
2620662530.0,102,313.0,3,216.0,33.0
2751210800.0,30,,3,,33.0
2503706153.0,137,313.0,3,216.0,33.0
2740144176.0,6,2039.0,3,236.0,33.0
2620127494.0,99,263.0,3,131.0,32.0
2656880758.0,96,172.0,3,46.0,32.0
2650905802.0,135,80.0,3,41.0,32.0
2623260196.0,173,2039.0,3,236.0,32.0
2752652170.0,167,503.0,3,236.0,31.0
2631176417.0,144,172.0,3,46.0,31.0
2855788992.0,90,313.0,3,216.0,30.0
2709709784.0,10,,3,,30.0
2752651582.0,212,321.0,3,,30.0
2689242929.0,137,984.0,3,236.0,30.0
2726255238.0,171,263.0,3,131.0,30.0
2837395212.0,30,321.0,3,,30.0
2611337209.0,123,2998.0,3,236.0,30.0
2718607765.0,47,172.0,3,46.0,30.0
2746389572.0,4,172.0,3,46.0,30.0
2817436046.0,43,503.0,3,236.0,30.0
2607798398.0,64,1964.0,3,236.0,30.0
2769919890.0,137,172.0,3,46.0,29.0
2608584508.0,97,172.0,3,46.0,29.0
2607224438.0,1,172.0,3,46.0,29.0
2618215271.0,80,172.0,3,46.0,29.0
2612809901.0,31,353.0,3,236.0,29.0
2691812279.0,96,118.0,3,41.0,29.0
2609793174.0,203,2998.0,3,236.0,28.0
2599577790.0,51,172.0,3,46.0,28.0
2602958795.0,136,2998.0,3,236.0,28.0
2617678383.0,125,503.0,3,236.0,28.0
2736710995.0,169,118.0,3,41.0,28.0
2853635526.0,161,118.0,3,41.0,28.0
2709713189.0,174,1466.0,3,236.0,28.0
2747048728.0,50,,3,,28.0
2607218769.0,95,172.0,3,46.0,28.0
2802359903.0,34,1466.0,3,236.0,27.0
2861936796.0,75,321.0,3,,27.0
2725603952.0,86,478.0,3,236.0,27.0
2793371290.0,204,321.0,3,,27.0
2879463432.0,50,435.0,3,236.0,27.0
2665755389.0,43,321.0,3,,27.0
2596415876.0,68,478.0,3,236.0,27.0
2833397545.0,47,272.0,1,157.0,27.0
2879462594.0,110,344.0,1,235.0,27.0
2725824176.0,19,1964.0,1,236.0,27.0
2775816335.0,90,152.0,1,46.0,27.0
2658150419.0,109,272.0,1,157.0,27.0
2657095823.0,77,113.0,1,41.0,27.0
2768311236.0,54,344.0,1,235.0,27.0
2653840457.0,86,2039.0,1,236.0,27.0
2781416468.0,28,152.0,1,46.0,26.0
2782818291.0,79,185.0,1,84.0,26.0
2751205557.0,122,712.0,1,236.0,26.0
2655989794.0,186,712.0,1,236.0,26.0
2643034326.0,170,503.0,1,236.0,26.0
2659414800.0,110,152.0,1,46.0,26.0
2636386766.0,102,310.0,1,216.0,26.0
2736058748.0,84,40.0,1,32.0,26.0
2632719682.0,90,344.0,1,235.0,26.0
2679864393.0,12,263.0,1,131.0,26.0
2746389815.0,33,2282.0,1,236.0,26.0
2843453846.0,102,185.0,1,84.0,26.0
2589073553.0,31,263.0,1,131.0,26.0
2591631733.0,36,185.0,1,84.0,26.0
2589188100.0,98,2039.0,1,236.0,26.0
2793364384.0,51,344.0,1,235.0,26.0
2623930317.0,139,152.0,1,46.0,25.0
2775809035.0,114,1916.0,1,236.0,25.0
2596412223.0,122,152.0,1,46.0,25.0
2670910240.0,36,113.0,1,41.0,25.0
2687650464.0,54,113.0,1,41.0,25.0
2890341742.0,67,263.0,1,131.0,25.0
2762397481.0,53,113.0,1,41.0,25.0
2601683615.0,9,344.0,1,235.0,25.0
2718578615.0,122,113.0,1,41.0,25.0
2875762329.0,193,113.0,1,41.0,25.0
2682413942.0,37,1964.0,1,236.0,25.0
2787864582.0,77,152.0,1,46.0,25.0
2770671166.0,148,113.0,1,41.0,25.0
2683912480.0,77,152.0,1,46.0,25.0
2689239879.0,109,272.0,1,157.0,24.0
2833505422.0,34,1916.0,1,236.0,24.0
2606356945.0,123,344.0,1,235.0,24.0
2687708425.0,146,344.0,1,235.0,24.0
2710597819.0,66,113.0,1,41.0,24.0
2647315764.0,200,2039.0,1,236.0,24.0
2833435140.0,38,344.0,1,235.0,24.0
2680993236.0,116,344.0,1,235.0,24.0
2649376605.0,60,1466.0,1,236.0,24.0
2888710489.0,112,152.0,1,46.0,24.0
2853633040.0,119,344.0,1,235.0,24.0
2813637250.0,81,344.0,1,235.0,24.0
2648587680.0,89,80.0,1,41.0,24.0
2640932226.0,135,152.0,1,46.0,24.0
2678625561.0,97,152.0,1,46.0,24.0
2643948564.0,55,344.0,1,235.0,24.0
2875764394.0,85,344.0,1,235.0,24.0
2645361900.0,73,1858.0,1,236.0,24.0
2626589992.0,83,344.0,1,235.0,24.0
2711340256.0,43,105.0,1,41.0,24.0
2650900236.0,141,344.0,1,235.0,23.0
2667444792.0,85,344.0,1,235.0,23.0
2699917911.0,74,272.0,1,157.0,23.0
2638191499.0,36,339.0,1,235.0,23.0
2639765317.0,93,152.0,1,46.0,23.0
2654090316.0,93,152.0,1,46.0,23.0
2699908335.0,29,339.0,1,235.0,23.0
2775813999.0,125,339.0,1,235.0,23.0
2698940671.0,89,2039.0,1,236.0,23.0
2608925601.0,36,712.0,1,236.0,23.0
2600427310.0,54,712.0,1,236.0,23.0
2746467489.0,93,339.0,1,235.0,23.0
2581214908.0,90,152.0,1,46.0,23.0
2655384107.0,68,2039.0,1,236.0,23.0
2622800267.0,70,152.0,1,46.0,23.0
2649377096.0,108,712.0,1,236.0,23.0
2671316010.0,47,152.0,1,46.0,23.0
2619034203.0,108,712.0,1,236.0,23.0
2683909310.0,24,2039.0,1,236.0,23.0
2623991192.0,93,339.0,1,235.0,23.0
2664891963.0,66,712.0,1,236.0,22.0
2640925973.0,113,2039.0,1,236.0,22.0
2609684528.0,183,712.0,1,236.0,233.0
2588898943.0,48,185.0,1,84.0,222.0
2655776320.0,68,712.0,1,236.0,222.0
2489835934.0,72,152.0,1,46.0,222.0
2623867315.0,47,152.0,1,46.0,221.0
2853632518.0,53,185.0,1,84.0,221.0
2631176695.0,49,339.0,1,235.0,217.0
2629928616.0,119,1858.0,1,236.0,217.0
2699921379.0,192,1858.0,1,236.0,215.0
2775919387.0,110,152.0,1,46.0,215.0
2795233517.0,109,263.0,1,131.0,214.0
2628471949.0,48,2039.0,1,236.0,214.0
2664884166.0,36,1858.0,1,236.0,202.0
2608924886.0,136,272.0,1,157.0,202.0
2616885785.0,11,1858.0,1,236.0,199.0
2793367434.0,70,339.0,1,235.0,199.0
2690445068.0,97,113.0,1,41.0,198.0
2607797993.0,66,152.0,1,46.0,198.0
2648582194.0,97,339.0,1,235.0,198.0
2720430554.0,1,118.0,1,41.0,198.0
2720430782.0,145,113.0,1,41.0,195.0
2660507784.0,49,152.0,1,46.0,195.0
2626479603.0,50,272.0,1,157.0,190.0
2632428390.0,68,339.0,1,235.0,185.0
2624682764.0,89,1964.0,1,236.0,185.0
2649377922.0,169,272.0,1,157.0,185.0
2642968382.0,214,310.0,1,216.0,177.0
2793370054.0,64,1916.0,1,236.0,177.0
2596410420.0,99,150.0,1,46.0,155.0
2695622093.0,66,339.0,1,235.0,155.0
2633042896.0,98,150.0,1,46.0,147.0
2607250595.0,44,321.0,1,,147.0
2622805082.0,34,310.0,1,216.0,146.0
2687705816.0,5,272.0,1,157.0,146.0
2699914346.0,138,185.0,1,84.0,144.0
2670193098.0,79,150.0,1,46.0,144.0
2654091185.0,53,150.0,1,46.0,136.0
2699913459.0,39,2282.0,1,236.0,136.0
2623279815.0,192,272.0,1,157.0,135.0
2698586498.0,30,325.0,1,235.0,135.0
2643642956.0,19,263.0,1,131.0,135.0
2799449704.0,68,152.0,1,46.0,135.0
2793365259.0,68,152.0,1,46.0,133.0
2813787927.0,79,1916.0,1,236.0,133.0
2628875108.0,166,310.0,1,216.0,132.0
2687652080.0,72,263.0,1,131.0,132.0
2787485219.0,2,339.0,1,235.0,129.0
2634468842.0,38,837.0,1,236.0,129.0
2800628742.0,64,837.0,1,236.0,129.0
2658146887.0,33,263.0,1,131.0,129.0
2752655589.0,29,185.0,1,84.0,128.0
2655771926.0,75,263.0,1,131.0,128.0
2609792565.0,133,712.0,1,236.0,125.0
2729840979.0,144,339.0,1,235.0,123.0
2608735122.0,2,339.0,1,235.0,123.0
2695620074.0,64,1964.0,1,236.0,122.0
2599646276.0,16,263.0,1,131.0,122.0
2599492518.0,31,2282.0,1,236.0,115.0
2710620745.0,169,431.0,1,236.0,115.0
2813637414.0,108,185.0,1,84.0,107.0
2775817476.0,145,1964.0,1,236.0,107.0
2612042339.0,24,310.0,1,216.0,103.0
2610561756.0,173,339.0,1,235.0,101.0
2622799766.0,185,1964.0,1,236.0,101.0
2621324658.0,98,105.0,1,41.0,101.0
2661331458.0,183,339.0,1,235.0,101.0
2607812241.0,44,837.0,1,236.0,96.0
2615349771.0,48,837.0,1,236.0,96.0
2598054009.0,48,310.0,1,216.0,93.0
2680642934.0,91,1964.0,1,236.0,93.0
2628510556.0,30,478.0,1,236.0,93.0
2649380006.0,2,1916.0,1,236.0,92.0
2596370621.0,90,185.0,1,84.0,92.0
2676826903.0,47,339.0,1,235.0,92.0
2591803034.0,68,339.0,1,235.0,91.0
2861992304.0,186,339.0,1,235.0,91.0
2624741072.0,107,2998.0,1,236.0,91.0
2736982380.0,79,185.0,1,84.0,91.0
2652309362.0,101,185.0,1,84.0,91.0
2621085084.0,109,2998.0,1,236.0,91.0
2782824675.0,80,339.0,1,235.0,87.0
2612542358.0,195,152.0,1,46.0,87.0
2600367488.0,139,2998.0,1,236.0,84.0
2618966992.0,58,2998.0,1,236.0,84.0
2646028055.0,166,2998.0,1,236.0,84.0
2657086381.0,89,307.0,1,216.0,84.0
2657059729.0,7,339.0,1,235.0,83.0
2610931340.0,56,2998.0,1,236.0,83.0
2653836825.0,137,341.0,1,235.0,82.0
2855788425.0,12,310.0,1,216.0,82.0
2856853786.0,151,152.0,1,46.0,82.0
2581213203.0,154,1916.0,1,236.0,81.0
2829178278.0,101,150.0,1,46.0,81.0
2640999447.0,30,2998.0,1,236.0,80.0
2650895152.0,157,341.0,1,235.0,80.0
2769833601.0,55,150.0,1,46.0,75.0
2591895355.0,116,150.0,1,46.0,75.0
2634437000.0,3,1099.0,2,236.0,74.0
2655769576.0,3,1099.0,2,236.0,74.0
2687654476.0,3,1099.0,2,236.0,73.0
2622271113.0,3,1099.0,2,236.0,73.0
2616845118.0,3,1099.0,2,236.0,71.0
2782803267.0,3,1099.0,2,236.0,71.0
2787865606.0,3,1099.0,2,236.0,69.0
2589465390.0,3,1099.0,2,236.0,69.0
2649377249.0,3,1099.0,2,236.0,68.0
2720583269.0,3,1099.0,2,236.0,68.0
2616414430.0,3,1099.0,2,236.0,67.0
2843525024.0,3,1099.0,2,236.0,67.0
2630726410.0,3,1099.0,2,236.0,63.0
2644791594.0,3,1099.0,2,236.0,63.0
2643088198.0,3,1099.0,2,236.0,62.0
2644010787.0,3,1099.0,2,236.0,62.0
2722897573.0,3,1099.0,2,236.0,62.0
2632220633.0,3,1099.0,2,236.0,62.0
2649375376.0,3,1099.0,2,236.0,61.0
2622803223.0,3,1099.0,2,236.0,61.0
2665788353.0,3,1099.0,2,236.0,60.0
2622268602.0,3,1099.0,2,236.0,60.0
2624545744.0,3,1099.0,2,236.0,60.0
2625324219.0,2,995.0,2,236.0,60.0
2861935446.0,97,272.0,2,157.0,60.0
2591810128.0,112,2998.0,2,236.0,60.0
2579243258.0,102,,2,,58.0
2856852437.0,85,2039.0,2,236.0,58.0
2624766857.0,85,2039.0,2,236.0,58.0
2627096670.0,83,,2,,58.0
2624393072.0,123,712.0,2,236.0,58.0
2625681417.0,101,172.0,2,46.0,58.0
2650893439.0,175,700.0,2,236.0,58.0
2628801399.0,216,321.0,2,,58.0
2614064684.0,24,1732.0,2,236.0,58.0
2629589456.0,166,94.0,2,41.0,58.0
2599581939.0,166,94.0,2,41.0,57.0
2631015947.0,25,353.0,2,236.0,57.0
2628586424.0,34,,2,,56.0
2629364519.0,58,,2,,56.0
2855787122.0,58,,2,,56.0
2607243710.0,33,2503.0,2,236.0,56.0
2718484415.0,42,2998.0,2,236.0,56.0
2715473627.0,16,2039.0,2,236.0,56.0
2607221413.0,78,219.0,2,108.0,56.0
2612040651.0,217,226.0,2,108.0,56.0
2612542939.0,218,,2,,56.0
2625333279.0,206,1449.0,2,236.0,56.0
2622551233.0,206,1449.0,2,236.0,56.0
2665684790.0,206,1466.0,2,236.0,56.0
2612541330.0,209,219.0,2,108.0,55.0
2730469491.0,104,712.0,2,236.0,55.0
2623601431.0,104,712.0,2,236.0,55.0
2715482509.0,128,,2,,55.0
2621482006.0,128,1964.0,2,236.0,55.0
2710633331.0,41,219.0,2,108.0,55.0
2670773821.0,41,219.0,2,108.0,55.0
2623643106.0,43,336.0,2,235.0,55.0
2666422187.0,39,225.0,2,108.0,54.0
2674682814.0,23,1099.0,2,236.0,54.0
2856853262.0,59,1732.0,2,236.0,53.0
2678631376.0,19,1081.0,2,236.0,53.0
2578459479.0,219,,2,,53.0
2861937303.0,151,94.0,2,41.0,53.0
2625339866.0,189,1916.0,2,236.0,52.0
2623923837.0,220,,2,,52.0
2662581587.0,220,353.0,2,236.0,52.0
2709718225.0,57,,2,,52.0
2676367129.0,57,,2,,52.0
2670774332.0,105,2503.0,2,236.0,51.0
2624375705.0,221,1665.0,2,236.0,51.0
2837395147.0,12,2998.0,2,236.0,50.0
2829081894.0,12,2998.0,2,236.0,50.0
2621431974.0,156,190.0,2,87.0,50.0
2669623745.0,156,190.0,2,87.0,50.0
2698943457.0,222,2039.0,2,236.0,50.0
2827353089.0,13,219.0,2,108.0,50.0
2691811695.0,13,219.0,2,108.0,50.0
2681716083.0,13,219.0,2,108.0,50.0
2890832755.0,13,219.0,2,108.0,49.0
2725680167.0,13,226.0,2,108.0,49.0
2656970679.0,201,1466.0,2,236.0,49.0
2666426433.0,201,1466.0,2,236.0,49.0
2603436841.0,14,712.0,2,236.0,48.0
2604647945.0,223,1964.0,2,236.0,48.0
2600514078.0,73,215.0,2,108.0,48.0
2782790635.0,73,215.0,2,108.0,48.0
2709690073.0,73,215.0,2,108.0,48.0
2689240998.0,224,336.0,2,235.0,48.0
2738727510.0,224,336.0,2,235.0,47.0
2624648888.0,225,307.0,2,216.0,47.0
2676819820.0,191,321.0,2,,47.0
2736753416.0,191,321.0,2,,47.0
2693539468.0,117,1641.0,2,236.0,46.0
2644336282.0,62,1916.0,2,236.0,46.0
2646423717.0,154,353.0,2,236.0,46.0
2696724218.0,94,,2,,46.0
2711335235.0,94,,2,,46.0
2655361117.0,226,190.0,2,87.0,46.0
2634458264.0,65,215.0,2,108.0,46.0
2751213359.0,65,215.0,2,108.0,46.0
2591812419.0,65,215.0,2,108.0,46.0
2842209256.0,65,215.0,2,108.0,45.0
2669634821.0,227,225.0,2,108.0,45.0
2497266914.0,227,,2,,45.0
2679865198.0,227,1466.0,2,236.0,45.0
2718951265.0,185,712.0,2,236.0,45.0
2632223189.0,214,215.0,2,108.0,45.0
2681720252.0,214,215.0,2,108.0,45.0
2624399069.0,214,1964.0,2,236.0,45.0
2725603473.0,89,1466.0,3,236.0,45.0
2630617864.0,151,40.0,3,32.0,45.0
2678621431.0,106,,3,,45.0
2629279548.0,68,272.0,3,157.0,45.0
2700095037.0,90,336.0,3,235.0,45.0
2687593745.0,141,214.0,3,108.0,45.0
2638364422.0,151,1964.0,3,236.0,44.0
2725166385.0,90,149.0,3,46.0,44.0
2647132462.0,109,272.0,3,157.0,44.0
2623925231.0,148,94.0,3,41.0,44.0
2659103817.0,102,336.0,3,235.0,44.0
2644170164.0,170,2039.0,3,236.0,44.0
2610191292.0,193,149.0,3,46.0,43.0
2669642997.0,79,188.0,3,84.0,43.0
2649378917.0,123,712.0,3,236.0,43.0
2793369064.0,173,712.0,3,236.0,43.0
2629348477.0,32,503.0,3,236.0,43.0
2626989720.0,90,149.0,3,46.0,43.0
2653837225.0,102,305.0,3,216.0,43.0
2612041275.0,153,40.0,3,32.0,42.0
2725599511.0,90,336.0,3,235.0,42.0
2631013892.0,133,,3,,42.0
2644924460.0,13,263.0,3,131.0,42.0
2645693379.0,43,2282.0,3,236.0,42.0
2720360679.0,55,188.0,3,84.0,42.0
2628506127.0,177,263.0,3,131.0,41.0
2845134048.0,138,188.0,3,84.0,41.0
2628821498.0,48,2039.0,3,236.0,41.0
2775802315.0,4,336.0,3,235.0,41.0
2650915785.0,47,149.0,3,46.0,41.0
2601012580.0,162,1916.0,3,236.0,41.0
2667978588.0,141,149.0,3,46.0,41.0
2628509569.0,83,94.0,3,41.0,41.0
2775881051.0,55,171.0,3,46.0,40.0
2592618186.0,140,263.0,3,131.0,40.0
2650920723.0,228,171.0,3,46.0,40.0
2589190551.0,187,337.0,3,235.0,40.0
2608576946.0,123,171.0,3,46.0,39.0
2875757228.0,54,171.0,3,46.0,39.0
2678628809.0,163,1964.0,3,236.0,39.0
2725824013.0,77,149.0,3,46.0,39.0
2587620338.0,66,171.0,3,46.0,39.0
2876688752.0,77,149.0,3,46.0,39.0
2736704399.0,165,272.0,3,157.0,39.0
2680939184.0,149,1916.0,3,236.0,39.0
2682414168.0,123,337.0,3,235.0,39.0
2671317236.0,55,337.0,3,235.0,39.0
2853634045.0,93,171.0,3,46.0,39.0
2683936162.0,170,2039.0,3,236.0,39.0
2710643864.0,81,336.0,3,235.0,38.0
2620115681.0,116,336.0,3,235.0,38.0
2843008041.0,112,149.0,3,46.0,38.0
2623952238.0,119,336.0,3,235.0,38.0
2591661607.0,99,336.0,3,235.0,38.0
2710237381.0,215,80.0,3,41.0,38.0
2712597783.0,135,149.0,3,46.0,37.0
2626461272.0,77,149.0,3,46.0,37.0
2709690478.0,36,336.0,3,235.0,37.0
2843860768.0,85,336.0,3,235.0,37.0
2621456832.0,114,1858.0,3,236.0,37.0
2617578779.0,122,336.0,3,235.0,37.0
2623269541.0,188,336.0,3,235.0,37.0
2802362086.0,83,336.0,3,235.0,37.0
2607237500.0,5,272.0,3,157.0,37.0
2589297255.0,116,336.0,3,235.0,37.0
2782185201.0,93,149.0,3,46.0,36.0
2616483659.0,135,149.0,3,46.0,36.0
2888703591.0,29,337.0,3,235.0,36.0
2837401236.0,166,337.0,3,235.0,36.0
2829084666.0,156,2039.0,3,236.0,36.0
2609712660.0,83,712.0,3,236.0,36.0
2833379170.0,36,712.0,3,236.0,35.0
2795602533.0,93,337.0,3,235.0,35.0
2608942888.0,90,149.0,3,46.0,35.0
2653834687.0,97,2039.0,3,236.0,35.0
2607798973.0,66,149.0,3,46.0,35.0
2733408418.0,108,712.0,3,236.0,35.0
2655334673.0,47,149.0,3,46.0,35.0
2683932232.0,54,712.0,3,236.0,35.0
2854367006.0,166,2039.0,3,236.0,35.0
2658370028.0,108,330.0,3,235.0,35.0
2847363868.0,135,712.0,3,236.0,35.0
2725154904.0,182,2039.0,3,236.0,35.0
2669625600.0,133,712.0,3,236.0,34.0
2762396982.0,71,188.0,3,84.0,34.0
2680938476.0,97,118.0,3,41.0,34.0
2670778125.0,66,712.0,3,236.0,34.0
2725679556.0,203,149.0,3,46.0,34.0
2614038167.0,68,149.0,3,46.0,34.0
2782780191.0,48,188.0,3,84.0,34.0
2855788653.0,11,336.0,3,235.0,34.0
2802360064.0,141,1858.0,3,236.0,34.0
2591737455.0,194,1858.0,3,236.0,34.0
2782796495.0,110,149.0,3,46.0,33.0
2625331611.0,174,263.0,3,131.0,33.0
2621431349.0,33,2039.0,3,236.0,33.0
2711375922.0,66,2093.0,3,236.0,33.0
2785834697.0,119,1858.0,3,236.0,33.0
2813637771.0,47,272.0,3,157.0,33.0
2607181131.0,203,1858.0,3,236.0,33.0
2787864196.0,66,336.0,3,235.0,33.0
2854202758.0,77,171.0,3,46.0,33.0
2630122155.0,110,149.0,3,46.0,33.0
2635635996.0,70,336.0,3,235.0,32.0
2621790581.0,96,118.0,3,41.0,32.0
2614545665.0,35,171.0,3,46.0,32.0
2633037119.0,72,149.0,3,46.0,32.0
2653837776.0,74,272.0,3,157.0,31.0
2793370346.0,68,330.0,3,235.0,31.0
2608574683.0,198,1964.0,3,236.0,30.0
2888702632.0,50,272.0,3,157.0,30.0
2663752392.0,99,172.0,3,46.0,30.0
2611548915.0,110,330.0,3,235.0,30.0
2633065867.0,79,172.0,3,46.0,30.0
2643950196.0,196,321.0,3,,30.0
2647141067.0,177,305.0,3,216.0,30.0
2747042497.0,136,272.0,3,157.0,30.0
2710642867.0,188,186.0,3,84.0,30.0
2658147670.0,87,172.0,3,46.0,30.0
2614065608.0,49,172.0,3,46.0,30.0
2591797814.0,13,2282.0,3,236.0,29.0
2616770820.0,64,272.0,3,157.0,29.0
2585082237.0,201,325.0,3,235.0,29.0
2687624475.0,12,263.0,3,131.0,29.0
2623952738.0,68,149.0,3,46.0,29.0
2655349239.0,97,149.0,3,46.0,29.0
2718602363.0,71,1916.0,3,236.0,28.0
2687578416.0,181,305.0,3,216.0,28.0
2613586400.0,72,263.0,3,131.0,28.0
2687639490.0,2,330.0,3,235.0,28.0
2725162468.0,87,837.0,3,236.0,28.0
2715485097.0,35,837.0,3,236.0,28.0
2621077073.0,52,263.0,3,131.0,28.0
2591747475.0,102,186.0,3,84.0,28.0
2666424498.0,30,263.0,3,131.0,28.0
2627098323.0,68,712.0,3,236.0,27.0
2689898106.0,6,330.0,3,235.0,27.0
2722116125.0,144,330.0,3,235.0,27.0
2717791550.0,229,1964.0,3,236.0,27.0
2620561258.0,218,263.0,3,131.0,27.0
2617682481.0,33,2282.0,3,236.0,27.0
2620125476.0,4,431.0,3,236.0,27.0
2725680760.0,29,186.0,3,84.0,27.0
2623270666.0,35,1964.0,3,236.0,27.0
2617632124.0,153,313.0,3,216.0,27.0
2658147413.0,183,330.0,3,235.0,27.0
2659970738.0,48,105.0,3,41.0,27.0
2638411397.0,2,330.0,3,235.0,27.0
2740103755.0,51,283.0,3,172.0,27.0
2678640766.0,174,837.0,3,236.0,27.0
2644921877.0,16,837.0,3,236.0,26.0
2614039907.0,72,313.0,3,216.0,26.0
2629309239.0,192,1964.0,3,236.0,26.0
2631014598.0,161,,3,,26.0
2726261090.0,197,478.0,3,236.0,26.0
2643946718.0,6,1916.0,3,236.0,26.0
2710635247.0,108,186.0,3,84.0,26.0
2629876036.0,47,330.0,3,235.0,26.0
2795601928.0,97,330.0,3,235.0,26.0
2710627564.0,186,337.0,3,235.0,26.0
2738997668.0,174,2998.0,3,236.0,26.0
2749506912.0,53,186.0,3,84.0,26.0
2670008935.0,99,186.0,3,84.0,26.0
2664051732.0,162,2998.0,3,236.0,26.0
2776297354.0,47,337.0,3,235.0,26.0
2875755518.0,195,149.0,3,46.0,26.0
2680380987.0,29,2998.0,3,236.0,25.0
2635814120.0,89,2998.0,3,236.0,25.0
2658246418.0,58,2998.0,3,236.0,25.0
2654285890.0,198,307.0,3,216.0,25.0
2597778797.0,7,337.0,3,235.0,25.0
2655775654.0,164,2998.0,3,236.0,25.0
2681539727.0,80,337.0,3,235.0,25.0
2599272403.0,196,313.0,3,216.0,233.0
2645334654.0,195,149.0,3,46.0,222.0
2695620934.0,230,1916.0,3,236.0,222.0
2639765200.0,169,283.0,3,172.0,222.0
2827354054.0,38,172.0,3,46.0,221.0
2698944606.0,152,2998.0,3,236.0,221.0
2854212838.0,1,337.0,3,235.0,217.0
2596405573.0,36,172.0,3,46.0,217.0
2650748152.0,85,172.0,3,46.0,215.0
2651958307.0,135,700.0,1,236.0,215.0
2829082566.0,6,700.0,1,236.0,214.0
2628484769.0,2,700.0,1,236.0,214.0
2629590312.0,47,700.0,1,236.0,202.0
2634457389.0,48,113.0,1,41.0,202.0
2650908533.0,93,700.0,1,236.0,199.0
2623949043.0,153,113.0,1,41.0,199.0
2628508943.0,49,174.0,1,46.0,198.0
2643948493.0,19,113.0,1,41.0,198.0
2838578274.0,38,1858.0,1,236.0,198.0
2815474042.0,22,330.0,1,235.0,198.0
2626136042.0,16,272.0,1,157.0,195.0
2745914500.0,128,272.0,1,157.0,195.0
2669795053.0,107,712.0,1,236.0,190.0
2625027843.0,48,174.0,1,46.0,185.0
2782790012.0,58,330.0,1,235.0,185.0
2687641049.0,114,712.0,1,236.0,185.0
2665698396.0,83,272.0,1,157.0,177.0
2646423898.0,141,174.0,1,46.0,177.0
2601014333.0,200,1858.0,1,236.0,155.0
2860010221.0,127,330.0,1,235.0,155.0
2671019574.0,109,1858.0,1,236.0,147.0
2626857379.0,48,272.0,1,157.0,147.0
2597750214.0,166,337.0,1,235.0,146.0
2624391453.0,34,174.0,1,46.0,146.0
2678634283.0,122,337.0,1,235.0,144.0
2591652788.0,11,113.0,1,41.0,144.0
2609945399.0,33,174.0,1,46.0,136.0
2628482356.0,16,1858.0,1,236.0,136.0
2632194824.0,89,712.0,1,236.0,135.0
2681717151.0,12,272.0,1,157.0,135.0
2623950639.0,174,1858.0,1,236.0,135.0
2682496115.0,48,336.0,1,235.0,135.0
2793365529.0,104,174.0,1,46.0,133.0
2630703897.0,44,174.0,1,46.0,133.0
2853646314.0,64,1858.0,1,236.0,132.0
2628654126.0,31,266.0,1,144.0,132.0
2829084240.0,34,712.0,1,236.0,129.0
2599288943.0,19,113.0,1,41.0,129.0
2686595223.0,181,174.0,1,46.0,129.0
2655348610.0,31,1858.0,1,236.0,129.0
2687587821.0,37,174.0,1,46.0,128.0
2650629269.0,92,174.0,1,46.0,128.0
2683929549.0,70,1858.0,1,236.0,125.0
2670775322.0,33,712.0,1,236.0,123.0
2650907152.0,228,174.0,1,46.0,123.0
2635439300.0,30,174.0,1,46.0,122.0
2680934945.0,66,1858.0,1,236.0,122.0
2736752979.0,125,174.0,1,46.0,115.0
2740211053.0,139,174.0,1,46.0,115.0
2625328187.0,55,272.0,1,157.0,107.0
2585082176.0,30,174.0,1,46.0,107.0
2755154374.0,30,174.0,1,46.0,103.0
2742653057.0,99,272.0,1,157.0,101.0
2813636795.0,44,94.0,1,41.0,101.0
2606897321.0,67,188.0,1,84.0,101.0
2802359464.0,79,94.0,1,41.0,101.0
2849894045.0,140,188.0,1,84.0,96.0
2626529697.0,135,94.0,1,41.0,96.0
2690448936.0,89,1858.0,1,236.0,93.0
2623946027.0,19,174.0,1,46.0,93.0
2628504962.0,82,174.0,1,46.0,93.0
2875760729.0,114,1964.0,1,236.0,92.0
2747045856.0,82,336.0,1,235.0,92.0
2850105132.0,79,174.0,1,46.0,92.0
2860010522.0,119,174.0,1,46.0,91.0
2762394737.0,98,336.0,1,235.0,91.0
2719862692.0,98,266.0,1,144.0,91.0
2643962378.0,102,174.0,1,46.0,91.0
2669646592.0,116,174.0,1,46.0,91.0
2687707024.0,108,174.0,1,46.0,91.0
2730486281.0,85,149.0,1,46.0,87.0
2596398378.0,55,149.0,1,46.0,87.0
2689244381.0,166,188.0,1,84.0,84.0
2599580435.0,146,149.0,1,46.0,84.0
2622103593.0,170,1964.0,1,236.0,84.0
2736983031.0,85,149.0,1,46.0,84.0
2725602646.0,182,336.0,1,235.0,83.0
2756500034.0,79,336.0,1,235.0,83.0
2650915765.0,91,1858.0,1,236.0,82.0
2718601785.0,109,266.0,1,144.0,82.0
2775305179.0,44,188.0,1,84.0,82.0
2720582661.0,29,149.0,1,46.0,81.0
2726251792.0,99,2039.0,1,236.0,81.0
2636203089.0,98,712.0,1,236.0,80.0
2730504036.0,86,188.0,1,84.0,80.0
2699073051.0,36,149.0,1,46.0,75.0
2725881343.0,38,263.0,1,131.0,75.0
2721140868.0,108,336.0,1,235.0,74.0
2782793833.0,54,1858.0,1,236.0,74.0
2738994536.0,55,94.0,1,41.0,73.0
2802365642.0,60,712.0,1,236.0,73.0
2664051786.0,54,149.0,1,46.0,71.0
2681543596.0,82,712.0,1,236.0,71.0
2664873151.0,98,1858.0,1,236.0,69.0
2599064967.0,90,188.0,1,84.0,69.0
2612547928.0,78,188.0,1,84.0,68.0
2611219053.0,54,149.0,1,46.0,68.0
2601121926.0,141,1858.0,1,236.0,67.0
2585082033.0,55,94.0,1,41.0,67.0
2599045303.0,46,1964.0,1,236.0,63.0
2580116906.0,79,1858.0,1,236.0,63.0
2633532842.0,173,712.0,3,236.0,62.0
2612545917.0,9,700.0,3,236.0,62.0
2607252759.0,139,700.0,3,236.0,62.0
2622016017.0,6,700.0,3,236.0,62.0
2688414254.0,93,700.0,3,236.0,61.0
2632198670.0,20,171.0,3,46.0,61.0
2700850800.0,135,700.0,3,236.0,60.0
2691376959.0,166,171.0,3,46.0,60.0
2782789406.0,113,145.0,3,46.0,60.0
2669624945.0,118,171.0,3,46.0,60.0
2450518956.0,99,1858.0,3,236.0,60.0
2726255017.0,137,247.0,3,110.0,60.0
2739291159.0,163,337.0,3,235.0,58.0
2748536485.0,206,272.0,3,157.0,58.0
2838580034.0,131,272.0,3,157.0,58.0
2689243840.0,115,712.0,3,236.0,58.0
2719861341.0,30,145.0,3,46.0,58.0
2827356616.0,20,337.0,3,235.0,58.0
2657096909.0,162,712.0,3,236.0,58.0
2659442077.0,122,272.0,3,157.0,58.0
2752653790.0,138,145.0,3,46.0,58.0
2710594691.0,195,1858.0,3,236.0,58.0
2833391646.0,142,337.0,3,235.0,57.0
2689242287.0,174,1858.0,3,236.0,57.0
2709712797.0,203,272.0,3,157.0,56.0
2718595707.0,166,337.0,3,235.0,56.0
2658201296.0,58,145.0,3,46.0,56.0
2692042118.0,141,337.0,3,235.0,56.0
2725592914.0,203,171.0,3,46.0,56.0
2739291357.0,39,145.0,3,46.0,56.0
2793364172.0,43,1858.0,3,236.0,56.0
2802360989.0,215,712.0,3,236.0,56.0
2842142397.0,164,272.0,3,157.0,56.0
2689242151.0,167,1858.0,3,236.0,56.0
2746259767.0,203,337.0,3,235.0,56.0
2770673567.0,43,145.0,3,46.0,56.0
2875763390.0,30,145.0,3,46.0,55.0
2720584145.0,140,1858.0,3,236.0,55.0
2718487408.0,109,266.0,3,144.0,55.0
2782787690.0,30,712.0,3,236.0,55.0
2712446339.0,118,171.0,3,46.0,55.0
2720429965.0,205,145.0,3,46.0,55.0
2711349498.0,46,1858.0,3,236.0,55.0
2804764962.0,181,145.0,3,46.0,55.0
2627102872.0,73,145.0,3,46.0,54.0
2725593412.0,66,1858.0,3,236.0,54.0
2733972566.0,30,712.0,3,236.0,53.0
2775298442.0,78,145.0,3,46.0,53.0
2628654862.0,151,145.0,3,46.0,53.0
2699909047.0,54,1858.0,3,236.0,53.0
2447158960.0,166,145.0,3,46.0,52.0
2621082100.0,137,247.0,3,110.0,52.0
2649380787.0,139,145.0,3,46.0,52.0
2775801710.0,36,272.0,3,157.0,52.0
2775883201.0,151,145.0,3,46.0,52.0
2676819335.0,223,145.0,3,46.0,51.0
2770066195.0,99,272.0,3,157.0,51.0
2879464088.0,19,171.0,3,46.0,50.0
2680937801.0,140,186.0,3,84.0,50.0
2462387593.0,53,171.0,3,46.0,50.0
2633045741.0,137,247.0,3,110.0,50.0
2793363807.0,28,171.0,3,46.0,50.0
2782814826.0,73,1858.0,3,236.0,50.0
2683911739.0,92,145.0,3,46.0,50.0
2827355403.0,48,197.0,3,104.0,50.0
2684277136.0,32,1964.0,3,236.0,49.0
2680940094.0,48,337.0,3,235.0,49.0
2653838614.0,82,197.0,3,104.0,49.0
2678621043.0,119,197.0,3,104.0,49.0
2678632878.0,79,337.0,3,235.0,48.0
2645690581.0,53,266.0,3,144.0,48.0
2652313818.0,102,197.0,3,104.0,48.0
2634491689.0,116,197.0,3,104.0,48.0
2655347087.0,28,197.0,3,104.0,48.0
2649375617.0,85,197.0,3,104.0,48.0
2709717641.0,36,197.0,3,104.0,47.0
2647219967.0,127,186.0,3,84.0,47.0
2843164039.0,55,197.0,3,104.0,47.0
2655776895.0,62,1964.0,3,236.0,47.0
2695980782.0,122,197.0,3,104.0,46.0
2680940794.0,182,337.0,3,235.0,46.0
2853635090.0,82,337.0,3,235.0,46.0
2833806193.0,154,1858.0,3,236.0,46.0
2770674946.0,165,266.0,3,144.0,46.0
2640930421.0,231,186.0,3,84.0,46.0
2676827702.0,29,197.0,3,104.0,46.0
2678629446.0,99,2039.0,3,236.0,46.0
2829081508.0,82,712.0,3,236.0,46.0
2650952182.0,170,186.0,3,84.0,45.0
2669626535.0,116,197.0,3,104.0,45.0
2634478217.0,81,263.0,3,131.0,45.0
2643866283.0,112,337.0,3,235.0,45.0
2647865057.0,36,1858.0,3,236.0,45.0
2859570450.0,55,171.0,3,46.0,45.0
2644790732.0,35,712.0,3,236.0,45.0
2683933901.0,102,197.0,3,104.0,45.0
2678641817.0,142,712.0,3,236.0,45.0
2630273156.0,79,1858.0,3,236.0,45.0
2740148895.0,90,186.0,3,84.0,45.0
2644364270.0,75,186.0,3,84.0,45.0
2659221801.0,54,197.0,3,104.0,45.0
2648833741.0,99,1858.0,3,236.0,45.0
2738173270.0,36,171.0,3,46.0,45.0
2680935720.0,120,1964.0,3,236.0,45.0
2657097294.0,49,1858.0,3,236.0,45.0
